adversarial,1,K1
adversary,1,K2
adverse,1,K3
adversity,1,K4
anti-,1,K5
anti-american,1,K6
anti-israeli,1,K7
anti-occupation,1,K8
anti-proliferation,1,K9
anti-semites,1,K10
anti-social,1,K11
anti-us,1,K12
anti-white,1,K13
asinine,1,K14
asininely,1,K15
asinininity,1,K16
backward,1,K17
backwardness,1,K18
bad,1,K19
badly,1,K20
bias,1,K21
biased,1,K22
biases,1,K23
blaspheme,1,K24
blasphemous,1,K25
blasphemy,1,K26
bs,1,K27
bull----,1,K28
bull****,1,K29
bullshit,1,K30
bullshyt,1,K31
cons,1,K32
conservative,1,K33
disagree,1,K34
disagreeable,1,K35
disagreeably,1,K36
disagreed,1,K37
disagreeing,1,K38
disagreement,1,K39
disagrees,1,K40
discontent,1,K41
discontented,1,K42
discontentedly,1,K43
fabricate,1,K44
fabrication,1,K45
falsehood,1,K46
falsely,1,K47
falsify,1,K48
farce,1,K49
farcical,1,K50
farcical-yet-provocative,1,K51
farcically,1,K52
farfetched,1,K53
fiction,1,K54
fictional,1,K55
fictitious,1,K56
idiocies,1,K57
idiocy,1,K58
idiot,1,K59
idiotic,1,K60
idiotically,1,K61
idiots,1,K62
inaccuracies,1,K63
inaccuracy,1,K64
inaccurate,1,K65
incorrect,1,K66
incorrectly,1,K67
invalid,1,K68
invalidate,1,K69
invalidity,1,K70
left-leaning,1,K71
lie,1,K72
lies,1,K73
misinform,1,K74
misinformed,1,K75
untrue,1,K76
unwise,1,K77
unwisely,1,K78
warp,1,K79
warped,1,K80
wrong,1,K81
wrongful,1,K82
wrongly,1,K83
wrought,1,K84
FALSE,1,K85
aberrant,2,K86
abnormal,2,K87
abolish,2,K88
abominable,2,K89
abominably,2,K90
abominate,2,K91
abomination,2,K92
abrade,2,K93
abrasive,2,K94
abrupt,2,K95
abruptly,2,K96
abscond,2,K97
absence,2,K98
absent-minded,2,K99
absentee,2,K100
absurd,2,K101
absurdity,2,K102
absurdly,2,K103
absurdness,2,K104
abysmal,2,K105
abysmally,2,K106
abyss,2,K107
accidental,2,K108
accursed,2,K109
accusation,2,K110
accusations,2,K111
accuse,2,K112
accuses,2,K113
accusing,2,K114
accusingly,2,K115
acerbate,2,K116
acerbic,2,K117
acerbically,2,K118
ache,2,K119
ached,2,K120
aches,2,K121
achey,2,K122
aching,2,K123
acrid,2,K124
acridly,2,K125
acridness,2,K126
acrimonious,2,K127
acrimoniously,2,K128
acrimony,2,K129
adamant,2,K130
adamantly,2,K131
addict,2,K132
addicted,2,K133
addicting,2,K134
addicts,2,K135
admonish,2,K136
admonisher,2,K137
admonishingly,2,K138
admonishment,2,K139
admonition,2,K140
adulterate,2,K141
adulterated,2,K142
adulteration,2,K143
adulterier,2,K144
afflict,2,K145
affliction,2,K146
afflictive,2,K147
affront,2,K148
afraid,2,K149
aggravate,2,K150
aggravating,2,K151
aggravation,2,K152
aggression,2,K153
aggressive,2,K154
aggressiveness,2,K155
aggressor,2,K156
aggrieve,2,K157
aggrieved,2,K158
aggrivation,2,K159
aghast,2,K160
agonies,2,K161
agonize,2,K162
agonizing,2,K163
agonizingly,2,K164
agony,2,K165
aground,2,K166
ail,2,K167
ailing,2,K168
ailment,2,K169
aimless,2,K170
alarm,2,K171
alarmed,2,K172
alarming,2,K173
alarmingly,2,K174
alienate,2,K175
alienated,2,K176
alienation,2,K177
allegation,2,K178
allegations,2,K179
allege,2,K180
allergic,2,K181
allergies,2,K182
allergy,2,K183
aloof,2,K184
altercation,2,K185
amazing,2,K186
ambiguity,2,K187
ambiguous,2,K188
ambivalence,2,K189
ambivalent,2,K190
amiss,2,K191
anarchism,2,K192
anarchist,2,K193
anarchistic,2,K194
anarchy,2,K195
anemic,2,K196
anger,2,K197
angrily,2,K198
angriness,2,K199
angry,2,K200
anguish,2,K201
animosity,2,K202
annoy,2,K203
annoyance,2,K204
annoyances,2,K205
annoyed,2,K206
annoying,2,K207
annoyingly,2,K208
annoys,2,K209
anomalous,2,K210
anomaly,2,K211
antagonism,2,K212
antagonist,2,K213
antagonistic,2,K214
antagonize,2,K215
anti-liberty,2,K216
antipathy,2,K217
antiquated,2,K218
antithetical,2,K219
anxieties,2,K220
anxiety,2,K221
anxious,2,K222
anxiously,2,K223
anxiousness,2,K224
apathetic,2,K225
apathetically,2,K226
apathy,2,K227
apologist,2,K228
apologists,2,K229
appal,2,K230
appall,2,K231
appalled,2,K232
appalling,2,K233
appallingly,2,K234
apprehension,2,K235
apprehensions,2,K236
apprehensive,2,K237
apprehensively,2,K238
arbitrary,2,K239
arcane,2,K240
archaic,2,K241
arduous,2,K242
arduously,2,K243
argumentative,2,K244
arrogance,2,K245
arrogant,2,K246
Arrogant,2,K247
arrogantly,2,K248
ashamed,2,K249
askance,2,K250
asperse,2,K251
aspersion,2,K252
aspersions,2,K253
astray,2,K254
asunder,2,K255
atrocious,2,K256
atrocities,2,K257
atrocity,2,K258
atrophy,2,K259
audacious,2,K260
audaciously,2,K261
audaciousness,2,K262
audacity,2,K263
audiciously,2,K264
austere,2,K265
authoritarian,2,K266
avalanche,2,K267
avarice,2,K268
avaricious,2,K269
avariciously,2,K270
avenge,2,K271
averse,2,K272
aversion,2,K273
avoid,2,K274
avoiding,2,K275
avoids,2,K276
aweful,2,K277
awful,2,K278
awfully,2,K279
awfulness,2,K280
awkward,2,K281
awkwardness,2,K282
ax,2,K283
babble,2,K284
baby,2,K285
back-logged,2,K286
back-wood,2,K287
back-woods,2,K288
backache,2,K289
backaches,2,K290
backaching,2,K291
backbite,2,K292
backbiting,2,K293
backwood,2,K294
backwoods,2,K295
bad,2,K296
badly,2,K297
baffle,2,K298
baffled,2,K299
bafflement,2,K300
baffling,2,K301
bait,2,K302
balk,2,K303
banal,2,K304
banalize,2,K305
bane,2,K306
banish,2,K307
banishment,2,K308
bankrupt,2,K309
barbarian,2,K310
barbaric,2,K311
barbarically,2,K312
barbarity,2,K313
barbarous,2,K314
barbarously,2,K315
barren,2,K316
baseless,2,K317
bash,2,K318
Bash,2,K319
bashed,2,K320
bashful,2,K321
bashing,2,K322
bastard,2,K323
bastards,2,K324
battered,2,K325
battering,2,K326
batty,2,K327
bedlam,2,K328
bedlamite,2,K329
befoul,2,K330
beg,2,K331
beggar,2,K332
beggarly,2,K333
begging,2,K334
beguile,2,K335
belabor,2,K336
belated,2,K337
beleaguer,2,K338
belie,2,K339
believe,2,K340
belittle,2,K341
belittled,2,K342
belittling,2,K343
bellicose,2,K344
belligerence,2,K345
belligerent,2,K346
belligerently,2,K347
bemoan,2,K348
bemoaning,2,K349
bemused,2,K350
bent,2,K351
berate,2,K352
bereave,2,K353
bereavement,2,K354
bereft,2,K355
berserk,2,K356
beseech,2,K357
beset,2,K358
besiege,2,K359
besmirch,2,K360
betray,2,K361
betrayal,2,K362
betrayals,2,K363
betrayer,2,K364
betraying,2,K365
betrays,2,K366
bewail,2,K367
beware,2,K368
bewilder,2,K369
bewildered,2,K370
bewildering,2,K371
bewilderingly,2,K372
bewilderment,2,K373
bewitch,2,K374
beyond_parody,2,K375
bicker,2,K376
bickering,2,K377
bid-rigging,2,K378
bigot,2,K379
bigotries,2,K380
bigotry,2,K381
biting,2,K382
bitingly,2,K383
bitter,2,K384
bitterly,2,K385
bitterness,2,K386
bizarre,2,K387
blab,2,K388
blabber,2,K389
blah,2,K390
blame,2,K391
blameworthy,2,K392
bland,2,K393
blandish,2,K394
blasted,2,K395
blatant,2,K396
blatantly,2,K397
blather,2,K398
bleak,2,K399
bleakly,2,K400
bleakness,2,K401
blemish,2,K402
blind,2,K403
blinding,2,K404
blindingly,2,K405
blindside,2,K406
blister,2,K407
blistering,2,K408
bloated,2,K409
blockage,2,K410
blockhead,2,K411
bloodshed,2,K412
bloodthirsty,2,K413
blotchy,2,K414
blow,2,K415
blunder,2,K416
blundering,2,K417
blunders,2,K418
blunt,2,K419
blur,2,K420
bluring,2,K421
blurred,2,K422
blurring,2,K423
blurry,2,K424
blurs,2,K425
blurt,2,K426
boastful,2,K427
boggle,2,K428
bogus,2,K429
boil,2,K430
boiling,2,K431
boisterous,2,K432
bombard,2,K433
bombardment,2,K434
bombastic,2,K435
bondage,2,K436
bonkers,2,K437
bore,2,K438
bored,2,K439
boredom,2,K440
bores,2,K441
boring,2,K442
botch,2,K443
bother,2,K444
bothered,2,K445
bothering,2,K446
bothers,2,K447
bothersome,2,K448
bowdlerize,2,K449
boycott,2,K450
braggart,2,K451
bragger,2,K452
brainless,2,K453
brainwash,2,K454
brash,2,K455
brashly,2,K456
brashness,2,K457
brat,2,K458
bravado,2,K459
brazen,2,K460
brazenly,2,K461
brazenness,2,K462
breach,2,K463
break,2,K464
break-up,2,K465
break-ups,2,K466
breakdown,2,K467
breaking,2,K468
breaks,2,K469
breakup,2,K470
breakups,2,K471
bribery,2,K472
brimstone,2,K473
bristle,2,K474
brittle,2,K475
broke,2,K476
broken,2,K477
broken-hearted,2,K478
brood,2,K479
browbeat,2,K480
bruise,2,K481
bruised,2,K482
bruises,2,K483
bruising,2,K484
brusque,2,K485
brute,2,K486
brutish,2,K487
buckle,2,K488
buffoon,2,K489
bugging,2,K490
bulkier,2,K491
bulkiness,2,K492
bulky,2,K493
bulkyness,2,K494
bullies,2,K495
bully,2,K496
bullying,2,K497
bullyingly,2,K498
bum,2,K499
bump,2,K500
bumped,2,K501
bumping,2,K502
bumpping,2,K503
bumps,2,K504
bumpy,2,K505
bungle,2,K506
bungler,2,K507
bungling,2,K508
bunk,2,K509
burden,2,K510
burdensome,2,K511
burdensomely,2,K512
burn,2,K513
burned,2,K514
burning,2,K515
burns,2,K516
bust,2,K517
busts,2,K518
busybody,2,K519
butcher,2,K520
butchery,2,K521
buzzing,2,K522
byzantine,2,K523
cackle,2,K524
calamities,2,K525
calamitous,2,K526
calamitously,2,K527
calamity,2,K528
callous,2,K529
calumniate,2,K530
calumniation,2,K531
calumnies,2,K532
calumnious,2,K533
calumniously,2,K534
calumny,2,K535
cancer,2,K536
cancerous,2,K537
capitulate,2,K538
capricious,2,K539
capriciously,2,K540
capriciousness,2,K541
capsize,2,K542
careless,2,K543
carelessness,2,K544
carp,2,K545
cartoon,2,K546
cartoonish,2,K547
cash-strapped,2,K548
castigate,2,K549
castrated,2,K550
caustic,2,K551
caustically,2,K552
cautionary,2,K553
cave,2,K554
censure,2,K555
chafe,2,K556
chaff,2,K557
chagrin,2,K558
challenging,2,K559
chaos,2,K560
chaotic,2,K561
chasten,2,K562
chastise,2,K563
chastisement,2,K564
chatter,2,K565
chatterbox,2,K566
cheap,2,K567
cheapen,2,K568
cheaply,2,K569
cheat,2,K570
cheater,2,K571
cheating,2,K572
checkered,2,K573
cheerless,2,K574
cheesy,2,K575
chide,2,K576
childish,2,K577
chill,2,K578
chilly,2,K579
chintzy,2,K580
choleric,2,K581
choppy,2,K582
chore,2,K583
chronic,2,K584
chunky,2,K585
clamor,2,K586
clamorous,2,K587
clash,2,K588
cliche,2,K589
cliched,2,K590
clique,2,K591
clog,2,K592
clogged,2,K593
clogs,2,K594
cloud,2,K595
clouding,2,K596
cloudy,2,K597
clueless,2,K598
clumsy,2,K599
clunky,2,K600
coarse,2,K601
cocky,2,K602
coerce,2,K603
coercion,2,K604
coercive,2,K605
cold,2,K606
coldly,2,K607
collapse,2,K608
collude,2,K609
collusion,2,K610
combust,2,K611
come_after,2,K612
comical,2,K613
commiserate,2,K614
commonplace,2,K615
commotion,2,K616
commotions,2,K617
complacent,2,K618
complain,2,K619
complained,2,K620
complaining,2,K621
complains,2,K622
complaint,2,K623
complaints,2,K624
complex,2,K625
complicated,2,K626
complication,2,K627
complicit,2,K628
compulsion,2,K629
compulsive,2,K630
concede,2,K631
conceded,2,K632
conceit,2,K633
conceited,2,K634
concen,2,K635
concens,2,K636
concern,2,K637
concerned,2,K638
concerns,2,K639
concession,2,K640
concessions,2,K641
condemn,2,K642
condemnable,2,K643
condemnation,2,K644
condemned,2,K645
condemns,2,K646
condescend,2,K647
condescending,2,K648
condescendingly,2,K649
condescension,2,K650
confess,2,K651
confession,2,K652
confessions,2,K653
confined,2,K654
confound,2,K655
confounded,2,K656
confounding,2,K657
confront,2,K658
confrontation,2,K659
confrontational,2,K660
confuse,2,K661
confused,2,K662
confuses,2,K663
confusing,2,K664
confusion,2,K665
confusions,2,K666
congested,2,K667
congestion,2,K668
conscons,2,K669
conspicuous,2,K670
conspicuously,2,K671
conspiracies,2,K672
conspiracy,2,K673
conspirator,2,K674
conspiratorial,2,K675
conspire,2,K676
consternation,2,K677
contagious,2,K678
contaminate,2,K679
contaminated,2,K680
contaminates,2,K681
contaminating,2,K682
contamination,2,K683
contempt,2,K684
contemptible,2,K685
contemptuous,2,K686
contemptuously,2,K687
contend,2,K688
contention,2,K689
contentious,2,K690
contort,2,K691
contortions,2,K692
contradict,2,K693
contradiction,2,K694
contradictory,2,K695
contrariness,2,K696
contravene,2,K697
contrive,2,K698
contrived,2,K699
controversial,2,K700
controversy,2,K701
convoluted,2,K702
corpse,2,K703
corrode,2,K704
corrosion,2,K705
corrosions,2,K706
corrosive,2,K707
corrupt,2,K708
corrupting,2,K709
corruption,2,K710
costlier,2,K711
costly,2,K712
couldn't_qualify,2,K713
counter-productive,2,K714
counterproductive,2,K715
coupists,2,K716
covetous,2,K717
coward,2,K718
cowardly,2,K719
coy,2,K720
crabby,2,K721
crack,2,K722
cracked,2,K723
cracks,2,K724
craftily,2,K725
craftly,2,K726
crafty,2,K727
cramp,2,K728
cramped,2,K729
cramping,2,K730
cranky,2,K731
crap,2,K732
crappy,2,K733
craps,2,K734
crash,2,K735
crashed,2,K736
crashes,2,K737
crashing,2,K738
crass,2,K739
craven,2,K740
cravenly,2,K741
craze,2,K742
crazily,2,K743
craziness,2,K744
crazy,2,K745
creak,2,K746
creaking,2,K747
creaks,2,K748
credulous,2,K749
creep,2,K750
creeping,2,K751
creeps,2,K752
creepy,2,K753
crept,2,K754
criminal,2,K755
cringe,2,K756
cringed,2,K757
cringes,2,K758
cripple,2,K759
crippled,2,K760
cripples,2,K761
crippling,2,K762
crisis,2,K763
critic,2,K764
critical,2,K765
criticism,2,K766
criticisms,2,K767
criticize,2,K768
criticized,2,K769
criticizing,2,K770
critics,2,K771
cronyism,2,K772
Crook,2,K773
crooked,2,K774
crowded,2,K775
crowdedness,2,K776
crude,2,K777
crumble,2,K778
crumbling,2,K779
crummy,2,K780
crumple,2,K781
crumpled,2,K782
crumples,2,K783
crush,2,K784
crushed,2,K785
crushing,2,K786
cry,2,K787
crybaby,2,K788
cumbersome,2,K789
curse,2,K790
cursed,2,K791
curses,2,K792
curt,2,K793
cuss,2,K794
cussed,2,K795
cutthroat,2,K796
cynical,2,K797
cynicism,2,K798
d*mn,2,K799
damn,2,K800
damnable,2,K801
damnably,2,K802
damnation,2,K803
damned,2,K804
damning,2,K805
damper,2,K806
dancing_on_graves,2,K807
dark,2,K808
darken,2,K809
darkened,2,K810
darker,2,K811
darkness,2,K812
dastard,2,K813
dastardly,2,K814
daunt,2,K815
daunting,2,K816
dauntingly,2,K817
dawdle,2,K818
daze,2,K819
dazed,2,K820
dead,2,K821
deadbeat,2,K822
deadlock,2,K823
deadweight,2,K824
deaf,2,K825
dearth,2,K826
debacle,2,K827
debase,2,K828
debasement,2,K829
debaser,2,K830
debatable,2,K831
debauch,2,K832
debaucher,2,K833
debauchery,2,K834
debt,2,K835
debts,2,K836
decadence,2,K837
decadent,2,K838
decay,2,K839
decayed,2,K840
deceit,2,K841
deceitful,2,K842
deceitfully,2,K843
deceitfulness,2,K844
deceive,2,K845
deceiver,2,K846
deceivers,2,K847
deceiving,2,K848
deception,2,K849
deceptive,2,K850
deceptively,2,K851
declaim,2,K852
decline,2,K853
declines,2,K854
declining,2,K855
decrement,2,K856
decrepit,2,K857
decrepitude,2,K858
decry,2,K859
defamation,2,K860
defamations,2,K861
defamatory,2,K862
defame,2,K863
defect,2,K864
defective,2,K865
defects,2,K866
defensive,2,K867
defiance,2,K868
defiant,2,K869
defiantly,2,K870
deficiencies,2,K871
deficiency,2,K872
deficient,2,K873
defile,2,K874
defiler,2,K875
deform,2,K876
deformed,2,K877
defrauding,2,K878
defunct,2,K879
defy,2,K880
degeneration,2,K881
degradation,2,K882
degrade,2,K883
degraded,2,K884
degrading,2,K885
degradingly,2,K886
deign,2,K887
deject,2,K888
dejected,2,K889
dejectedly,2,K890
dejection,2,K891
delay,2,K892
delayed,2,K893
delaying,2,K894
delays,2,K895
delinquency,2,K896
delinquent,2,K897
delirious,2,K898
delirium,2,K899
delude,2,K900
deluded,2,K901
deluge,2,K902
delusion,2,K903
delusional,2,K904
delusions,2,K905
demean,2,K906
demeaning,2,K907
demise,2,K908
demoralize,2,K909
demoralizing,2,K910
demoralizingly,2,K911
denial,2,K912
denial_of_freedom,2,K913
denied,2,K914
denies,2,K915
denigrate,2,K916
denounce,2,K917
dense,2,K918
dent,2,K919
dented,2,K920
dents,2,K921
denunciate,2,K922
denunciation,2,K923
denunciations,2,K924
deny,2,K925
denying,2,K926
deplete,2,K927
deplorable,2,K928
deplorably,2,K929
deplore,2,K930
deploring,2,K931
deploringly,2,K932
deprave,2,K933
depraved,2,K934
depravedly,2,K935
deprecate,2,K936
depress,2,K937
depressed,2,K938
depressing,2,K939
depressingly,2,K940
depression,2,K941
depressions,2,K942
deprive,2,K943
deprived,2,K944
deranged,2,K945
deride,2,K946
derision,2,K947
derisive,2,K948
derisively,2,K949
derisiveness,2,K950
derogatory,2,K951
desecrate,2,K952
desert,2,K953
desertion,2,K954
desiccate,2,K955
desiccated,2,K956
desititute,2,K957
desolate,2,K958
desolately,2,K959
desolation,2,K960
despair,2,K961
despairing,2,K962
despairingly,2,K963
desperate,2,K964
desperately,2,K965
desperation,2,K966
despicable,2,K967
despicably,2,K968
despise,2,K969
despised,2,K970
despoil,2,K971
despoiler,2,K972
despondence,2,K973
despondency,2,K974
despondent,2,K975
despondently,2,K976
despot,2,K977
despotic,2,K978
despotism,2,K979
destabilisation,2,K980
destains,2,K981
destitute,2,K982
destitution,2,K983
desultory,2,K984
deter,2,K985
deteriorate,2,K986
deteriorating,2,K987
deterioration,2,K988
deterrent,2,K989
detest,2,K990
detestable,2,K991
detestably,2,K992
detested,2,K993
detesting,2,K994
detests,2,K995
detract,2,K996
detracted,2,K997
detracting,2,K998
detraction,2,K999
detracts,2,K1000
detriment,2,K1001
detrimental,2,K1002
devastate,2,K1003
devastated,2,K1004
devastates,2,K1005
devastating,2,K1006
devastatingly,2,K1007
devastation,2,K1008
deviate,2,K1009
deviation,2,K1010
devious,2,K1011
deviously,2,K1012
deviousness,2,K1013
devoid,2,K1014
devour,2,K1015
Devoured,2,K1016
diametrically,2,K1017
diappointed,2,K1018
diatribe,2,K1019
diatribes,2,K1020
die,2,K1021
die-hard,2,K1022
died,2,K1023
dies,2,K1024
difficult,2,K1025
difficulties,2,K1026
difficulty,2,K1027
diffidence,2,K1028
dilapidated,2,K1029
dilemma,2,K1030
dilly-dally,2,K1031
dim,2,K1032
dimmer,2,K1033
din,2,K1034
ding,2,K1035
dings,2,K1036
dinky,2,K1037
dire,2,K1038
direly,2,K1039
direness,2,K1040
dirt,2,K1041
dirtbag,2,K1042
dirtbags,2,K1043
dirts,2,K1044
dirty,2,K1045
disable,2,K1046
disabled,2,K1047
disaccord,2,K1048
disadvantage,2,K1049
disadvantaged,2,K1050
disadvantageous,2,K1051
disadvantages,2,K1052
disaffect,2,K1053
disaffected,2,K1054
disaffirm,2,K1055
disallow,2,K1056
disapointed,2,K1057
disapointing,2,K1058
disapointment,2,K1059
disappoint,2,K1060
disappointed,2,K1061
disappointing,2,K1062
disappointingly,2,K1063
disappointment,2,K1064
disappointments,2,K1065
disappoints,2,K1066
disapprobation,2,K1067
disapproval,2,K1068
disapprove,2,K1069
disapproving,2,K1070
disarm,2,K1071
disarray,2,K1072
disaster,2,K1073
disavow,2,K1074
disavowal,2,K1075
disbelief,2,K1076
disbelieve,2,K1077
disbeliever,2,K1078
disclaim,2,K1079
discombobulate,2,K1080
discomfit,2,K1081
discomfititure,2,K1082
discomfort,2,K1083
discompose,2,K1084
disconcert,2,K1085
disconcerted,2,K1086
disconcerting,2,K1087
disconcertingly,2,K1088
disconnected,2,K1089
disconsolate,2,K1090
disconsolately,2,K1091
disconsolation,2,K1092
discontinued,2,K1093
discontinuity,2,K1094
discontinuous,2,K1095
discord,2,K1096
discordance,2,K1097
discordant,2,K1098
discountenance,2,K1099
discourage,2,K1100
discouragement,2,K1101
discouraging,2,K1102
discouragingly,2,K1103
discourteous,2,K1104
discourteously,2,K1105
discoutinous,2,K1106
discredit,2,K1107
discrepant,2,K1108
discriminate,2,K1109
discrimination,2,K1110
discriminatory,2,K1111
disdain,2,K1112
disdained,2,K1113
disdainful,2,K1114
disdainfully,2,K1115
disfavor,2,K1116
disgrace,2,K1117
disgraced,2,K1118
disgraceful,2,K1119
disgracefully,2,K1120
disgruntle,2,K1121
disgruntled,2,K1122
disgust,2,K1123
disgusted,2,K1124
disgustedly,2,K1125
disgustful,2,K1126
disgustfully,2,K1127
disgusting,2,K1128
disgustingly,2,K1129
dishearten,2,K1130
disheartening,2,K1131
dishearteningly,2,K1132
dishonest,2,K1133
dishonestly,2,K1134
dishonesty,2,K1135
dishonor,2,K1136
dishonorable,2,K1137
dishonorablely,2,K1138
disillusion,2,K1139
disillusioned,2,K1140
disillusionment,2,K1141
disillusions,2,K1142
disinclination,2,K1143
disinclined,2,K1144
disingenuous,2,K1145
disingenuously,2,K1146
disintegrate,2,K1147
disintegrated,2,K1148
disintegrates,2,K1149
disintegration,2,K1150
disinterest,2,K1151
disinterested,2,K1152
dislike,2,K1153
disliked,2,K1154
dislikes,2,K1155
disliking,2,K1156
dislocated,2,K1157
disloyal,2,K1158
disloyalty,2,K1159
dismal,2,K1160
dismally,2,K1161
dismalness,2,K1162
dismay,2,K1163
dismayed,2,K1164
dismaying,2,K1165
dismayingly,2,K1166
dismissive,2,K1167
dismissively,2,K1168
disorder,2,K1169
disordered,2,K1170
disorderly,2,K1171
disorganized,2,K1172
disorient,2,K1173
disoriented,2,K1174
disown,2,K1175
disparage,2,K1176
disparaging,2,K1177
disparagingly,2,K1178
dispensable,2,K1179
dispirit,2,K1180
dispirited,2,K1181
dispiritedly,2,K1182
dispiriting,2,K1183
displace,2,K1184
displaced,2,K1185
displease,2,K1186
displeased,2,K1187
displeasing,2,K1188
displeasure,2,K1189
disproportionate,2,K1190
disprove,2,K1191
disputable,2,K1192
dispute,2,K1193
disputed,2,K1194
disquiet,2,K1195
disquieting,2,K1196
disquietingly,2,K1197
disquietude,2,K1198
disregard,2,K1199
disregardful,2,K1200
disreputable,2,K1201
disrepute,2,K1202
disrespect,2,K1203
disrespectable,2,K1204
disrespectablity,2,K1205
disrespectful,2,K1206
disrespectfully,2,K1207
disrespectfulness,2,K1208
disrespecting,2,K1209
disrupt,2,K1210
disruption,2,K1211
disruptive,2,K1212
diss,2,K1213
dissapointed,2,K1214
dissappointed,2,K1215
dissappointing,2,K1216
dissatisfaction,2,K1217
dissatisfactory,2,K1218
dissatisfied,2,K1219
dissatisfies,2,K1220
dissatisfy,2,K1221
dissatisfying,2,K1222
dissed,2,K1223
dissemble,2,K1224
dissembler,2,K1225
dissension,2,K1226
dissent,2,K1227
dissenter,2,K1228
dissention,2,K1229
disservice,2,K1230
disses,2,K1231
dissidence,2,K1232
dissident,2,K1233
dissidents,2,K1234
dissing,2,K1235
dissocial,2,K1236
dissolute,2,K1237
dissolution,2,K1238
dissonance,2,K1239
dissonant,2,K1240
dissonantly,2,K1241
dissuade,2,K1242
dissuasive,2,K1243
distains,2,K1244
distaste,2,K1245
distasteful,2,K1246
distastefully,2,K1247
distort,2,K1248
distorted,2,K1249
distortion,2,K1250
distorts,2,K1251
distract,2,K1252
distracting,2,K1253
distraction,2,K1254
distraught,2,K1255
distraughtly,2,K1256
distraughtness,2,K1257
distress,2,K1258
distressed,2,K1259
distressing,2,K1260
distressingly,2,K1261
distrust,2,K1262
distrustful,2,K1263
distrusting,2,K1264
disturb,2,K1265
disturbance,2,K1266
disturbed,2,K1267
disturbing,2,K1268
disturbingly,2,K1269
disunity,2,K1270
disvalue,2,K1271
divergent,2,K1272
divisive,2,K1273
divisively,2,K1274
divisiveness,2,K1275
dizzing,2,K1276
dizzingly,2,K1277
dizzy,2,K1278
doddering,2,K1279
dodgey,2,K1280
dogged,2,K1281
doggedly,2,K1282
dogmatic,2,K1283
doldrums,2,K1284
Dont_understand,2,K1285
donside,2,K1286
dont_believe,2,K1287
doom,2,K1288
doomed,2,K1289
dope,2,K1290
doubt,2,K1291
doubtful,2,K1292
doubtfully,2,K1293
doubts,2,K1294
douchbag,2,K1295
douchebag,2,K1296
douchebags,2,K1297
downbeat,2,K1298
downcast,2,K1299
downer,2,K1300
downfall,2,K1301
downfallen,2,K1302
downgrade,2,K1303
downhearted,2,K1304
downheartedly,2,K1305
downhill,2,K1306
downside,2,K1307
downsides,2,K1308
downturn,2,K1309
downturns,2,K1310
drab,2,K1311
draconian,2,K1312
draconic,2,K1313
drag,2,K1314
dragged,2,K1315
dragging,2,K1316
dragoon,2,K1317
drags,2,K1318
drain,2,K1319
drained,2,K1320
draining,2,K1321
drains,2,K1322
drastic,2,K1323
drastically,2,K1324
drawback,2,K1325
drawbacks,2,K1326
dread,2,K1327
dreadful,2,K1328
dreadfully,2,K1329
dreadfulness,2,K1330
dreary,2,K1331
dripped,2,K1332
dripping,2,K1333
drippy,2,K1334
drips,2,K1335
drive_by,2,K1336
drones,2,K1337
droop,2,K1338
droops,2,K1339
drop-out,2,K1340
drop-outs,2,K1341
dropout,2,K1342
dropouts,2,K1343
drought,2,K1344
drowning,2,K1345
drunk,2,K1346
drunkard,2,K1347
drunken,2,K1348
dubious,2,K1349
dubiously,2,K1350
dubitable,2,K1351
dud,2,K1352
dull,2,K1353
dullard,2,K1354
dumb,2,K1355
dumbfound,2,K1356
dump,2,K1357
dumped,2,K1358
dumping,2,K1359
dumps,2,K1360
dunce,2,K1361
dungeon,2,K1362
dungeons,2,K1363
dupe,2,K1364
dust,2,K1365
dusty,2,K1366
dwindling,2,K1367
dying,2,K1368
earsplitting,2,K1369
eccentric,2,K1370
eccentricity,2,K1371
effigy,2,K1372
effrontery,2,K1373
eggheads,2,K1374
egocentric,2,K1375
egomania,2,K1376
egotism,2,K1377
egotistical,2,K1378
egotistically,2,K1379
egregious,2,K1380
egregiously,2,K1381
election-rigger,2,K1382
elimination,2,K1383
emaciated,2,K1384
emasculate,2,K1385
embarrass,2,K1386
embarrassing,2,K1387
embarrassingly,2,K1388
embarrassment,2,K1389
embattled,2,K1390
embroil,2,K1391
embroiled,2,K1392
embroilment,2,K1393
emergency,2,K1394
emphatic,2,K1395
emphatically,2,K1396
emptiness,2,K1397
encroach,2,K1398
encroachment,2,K1399
enervate,2,K1400
enfeeble,2,K1401
enflame,2,K1402
engulf,2,K1403
enjoin,2,K1404
enmity,2,K1405
enrage,2,K1406
enraged,2,K1407
enraging,2,K1408
entangle,2,K1409
entanglement,2,K1410
entrap,2,K1411
entrapment,2,K1412
envious,2,K1413
enviously,2,K1414
enviousness,2,K1415
epidemic,2,K1416
equivocal,2,K1417
erase,2,K1418
erode,2,K1419
erodes,2,K1420
erosion,2,K1421
err,2,K1422
errant,2,K1423
erratic,2,K1424
erratically,2,K1425
erroneous,2,K1426
erroneously,2,K1427
error,2,K1428
errors,2,K1429
eruptions,2,K1430
escapade,2,K1431
eschew,2,K1432
estranged,2,K1433
evade,2,K1434
evasion,2,K1435
evasive,2,K1436
exacerbate,2,K1437
exagerate,2,K1438
exagerated,2,K1439
exagerates,2,K1440
exaggerate,2,K1441
exaggeration,2,K1442
exasperate,2,K1443
exasperated,2,K1444
exasperating,2,K1445
exasperatingly,2,K1446
exasperation,2,K1447
excessive,2,K1448
excessively,2,K1449
exclusion,2,K1450
excoriate,2,K1451
excruciating,2,K1452
excruciatingly,2,K1453
excuse,2,K1454
excuses,2,K1455
execrate,2,K1456
exhaust,2,K1457
exhausted,2,K1458
exhaustion,2,K1459
exhausts,2,K1460
exhorbitant,2,K1461
exhort,2,K1462
exile,2,K1463
exorbitant,2,K1464
exorbitantance,2,K1465
exorbitantly,2,K1466
expel,2,K1467
expensive,2,K1468
expire,2,K1469
expired,2,K1470
expropriate,2,K1471
expropriation,2,K1472
expulse,2,K1473
extraneous,2,K1474
extravagance,2,K1475
extravagant,2,K1476
extravagantly,2,K1477
extreme,2,K1478
eyesore,2,K1479
f**k,2,K1480
facetious,2,K1481
facetiously,2,K1482
fail,2,K1483
failed,2,K1484
failing,2,K1485
fails,2,K1486
failure,2,K1487
failures,2,K1488
faint,2,K1489
fainthearted,2,K1490
faithless,2,K1491
fake,2,K1492
fall,2,K1493
fallacies,2,K1494
fallacious,2,K1495
fallaciously,2,K1496
fallaciousness,2,K1497
fallacy,2,K1498
fallen,2,K1499
falling,2,K1500
fallout,2,K1501
falls,2,K1502
FALSE,2,K1503
falter,2,K1504
faltered,2,K1505
famine,2,K1506
famished,2,K1507
fanatic,2,K1508
fanatical,2,K1509
fanatically,2,K1510
fanaticism,2,K1511
fanatics,2,K1512
fanciful,2,K1513
far-fetched,2,K1514
fastidious,2,K1515
fastidiously,2,K1516
fastuous,2,K1517
fat,2,K1518
fatal,2,K1519
fatalistic,2,K1520
fatalistically,2,K1521
fatally,2,K1522
fateful,2,K1523
fatefully,2,K1524
fathomless,2,K1525
fatigue,2,K1526
fatigued,2,K1527
fatique,2,K1528
fatty,2,K1529
fatuity,2,K1530
fatuous,2,K1531
fatuously,2,K1532
fault,2,K1533
faults,2,K1534
faulty,2,K1535
fawningly,2,K1536
faze,2,K1537
fear,2,K1538
fearful,2,K1539
fearfully,2,K1540
fears,2,K1541
fearsome,2,K1542
feckless,2,K1543
feeble,2,K1544
feeblely,2,K1545
feebleminded,2,K1546
feign,2,K1547
feigned,2,K1548
feigning,2,K1549
feint,2,K1550
fell,2,K1551
felon,2,K1552
felonious,2,K1553
ferociously,2,K1554
ferocity,2,K1555
fetid,2,K1556
fever,2,K1557
feverish,2,K1558
fevers,2,K1559
fiasco,2,K1560
fib,2,K1561
fibber,2,K1562
fickle,2,K1563
fidget,2,K1564
fidgety,2,K1565
fiend,2,K1566
fiendish,2,K1567
fierce,2,K1568
fight,2,K1569
fighter,2,K1570
fighting,2,K1571
figurehead,2,K1572
filth,2,K1573
filthy,2,K1574
finagle,2,K1575
finicky,2,K1576
fissures,2,K1577
fist,2,K1578
flabbergast,2,K1579
flabbergasted,2,K1580
flabergasted,2,K1581
flagging,2,K1582
flagrant,2,K1583
flagrantly,2,K1584
flair,2,K1585
flairs,2,K1586
flak,2,K1587
flake,2,K1588
flakey,2,K1589
flakieness,2,K1590
flaking,2,K1591
flaky,2,K1592
flare,2,K1593
flares,2,K1594
flareup,2,K1595
flareups,2,K1596
flat-out,2,K1597
flaunt,2,K1598
flaw,2,K1599
flawed,2,K1600
flaws,2,K1601
flee,2,K1602
fleed,2,K1603
fleeing,2,K1604
fleer,2,K1605
flees,2,K1606
fleeting,2,K1607
flicering,2,K1608
flicker,2,K1609
flickering,2,K1610
flickers,2,K1611
flies,2,K1612
flighty,2,K1613
flimflam,2,K1614
flimsy,2,K1615
flirt,2,K1616
flirty,2,K1617
floored,2,K1618
flounder,2,K1619
floundering,2,K1620
flout,2,K1621
fluster,2,K1622
foe,2,K1623
fool,2,K1624
fooled,2,K1625
foolhardy,2,K1626
foolish,2,K1627
foolishly,2,K1628
foolishness,2,K1629
forbid,2,K1630
forbidden,2,K1631
forbidding,2,K1632
force,2,K1633
forced,2,K1634
forceful,2,K1635
foreboding,2,K1636
forebodingly,2,K1637
forfeit,2,K1638
forgetful,2,K1639
forgetfully,2,K1640
forgetfulness,2,K1641
forlorn,2,K1642
forlornly,2,K1643
forsake,2,K1644
forsaken,2,K1645
forswear,2,K1646
fought,2,K1647
foul,2,K1648
foully,2,K1649
foulness,2,K1650
fractious,2,K1651
fractiously,2,K1652
fracture,2,K1653
fragile,2,K1654
fragmented,2,K1655
frail,2,K1656
frantic,2,K1657
frantically,2,K1658
franticly,2,K1659
fraud,2,K1660
fraudulent,2,K1661
fraught,2,K1662
frazzle,2,K1663
frazzled,2,K1664
freak,2,K1665
freaking,2,K1666
freakish,2,K1667
freakishly,2,K1668
freaks,2,K1669
freeloading,2,K1670
freeze,2,K1671
freezes,2,K1672
freezing,2,K1673
frenetic,2,K1674
frenetically,2,K1675
frenzied,2,K1676
frenzy,2,K1677
fret,2,K1678
fretful,2,K1679
frets,2,K1680
friction,2,K1681
frictions,2,K1682
fried,2,K1683
friggin,2,K1684
frigging,2,K1685
fright,2,K1686
frighten,2,K1687
frightening,2,K1688
frighteningly,2,K1689
frightful,2,K1690
frightfully,2,K1691
frigid,2,K1692
frost,2,K1693
frown,2,K1694
froze,2,K1695
frozen,2,K1696
fruitless,2,K1697
fruitlessly,2,K1698
frustrate,2,K1699
frustrated,2,K1700
frustrates,2,K1701
frustrating,2,K1702
frustratingly,2,K1703
frustration,2,K1704
frustrations,2,K1705
fuck,2,K1706
fucking,2,K1707
fudge,2,K1708
fugitive,2,K1709
full-blown,2,K1710
fulminate,2,K1711
fumble,2,K1712
fume,2,K1713
fumes,2,K1714
fundamentalism,2,K1715
funky,2,K1716
funnily,2,K1717
funny,2,K1718
furious,2,K1719
furiously,2,K1720
furor,2,K1721
fury,2,K1722
fuss,2,K1723
fussy,2,K1724
fustigate,2,K1725
fusty,2,K1726
futile,2,K1727
futilely,2,K1728
futility,2,K1729
fuzzy,2,K1730
gabble,2,K1731
gaff,2,K1732
gaffe,2,K1733
gainsay,2,K1734
gainsayer,2,K1735
gall,2,K1736
galling,2,K1737
gallingly,2,K1738
galls,2,K1739
gangster,2,K1740
gape,2,K1741
garbage,2,K1742
garish,2,K1743
gasp,2,K1744
gauche,2,K1745
gaudy,2,K1746
gawk,2,K1747
gawky,2,K1748
geezer,2,K1749
get-rich,2,K1750
ghastly,2,K1751
ghetto,2,K1752
ghosting,2,K1753
gibber,2,K1754
gibberish,2,K1755
gibe,2,K1756
giddy,2,K1757
gimmick,2,K1758
gimmicked,2,K1759
gimmicking,2,K1760
gimmicks,2,K1761
gimmicky,2,K1762
glare,2,K1763
glaringly,2,K1764
glib,2,K1765
glibly,2,K1766
glitch,2,K1767
glitches,2,K1768
gloatingly,2,K1769
gloom,2,K1770
gloomy,2,K1771
glower,2,K1772
glum,2,K1773
glut,2,K1774
gnawing,2,K1775
goad,2,K1776
goading,2,K1777
god-awful,2,K1778
going_by_the_boards,2,K1779
goof,2,K1780
goofy,2,K1781
goon,2,K1782
gossip,2,K1783
graceless,2,K1784
gracelessly,2,K1785
graft,2,K1786
grainy,2,K1787
grapple,2,K1788
grate,2,K1789
grating,2,K1790
gravely,2,K1791
greasy,2,K1792
greed,2,K1793
greedy,2,K1794
grief,2,K1795
grievance,2,K1796
grievances,2,K1797
grieve,2,K1798
grieving,2,K1799
grievous,2,K1800
grievously,2,K1801
grim,2,K1802
grimace,2,K1803
grind,2,K1804
gripe,2,K1805
gripes,2,K1806
grisly,2,K1807
gritty,2,K1808
gross,2,K1809
grossly,2,K1810
grotesque,2,K1811
grouch,2,K1812
grouchy,2,K1813
groundless,2,K1814
group_think,2,K1815
grouse,2,K1816
growl,2,K1817
grudge,2,K1818
grudges,2,K1819
grudging,2,K1820
grudgingly,2,K1821
gruesome,2,K1822
gruesomely,2,K1823
gruff,2,K1824
grumble,2,K1825
grumpier,2,K1826
grumpiest,2,K1827
grumpily,2,K1828
grumpish,2,K1829
grumpy,2,K1830
guile,2,K1831
guilty,2,K1832
gullible,2,K1833
gutless,2,K1834
gutter,2,K1835
hack,2,K1836
hacks,2,K1837
haggard,2,K1838
haggle,2,K1839
hairloss,2,K1840
halfhearted,2,K1841
halfheartedly,2,K1842
hallucinate,2,K1843
hallucination,2,K1844
hammered,2,K1845
hamper,2,K1846
hampered,2,K1847
handicapped,2,K1848
hang,2,K1849
hangs,2,K1850
haphazard,2,K1851
hapless,2,K1852
harangue,2,K1853
harass,2,K1854
harassed,2,K1855
harasses,2,K1856
harassment,2,K1857
harboring,2,K1858
harbors,2,K1859
hard,2,K1860
hard-hit,2,K1861
hard-line,2,K1862
hard-liner,2,K1863
hardball,2,K1864
harden,2,K1865
hardened,2,K1866
hardheaded,2,K1867
hardhearted,2,K1868
hardliner,2,K1869
hardliners,2,K1870
hardship,2,K1871
hardships,2,K1872
harm,2,K1873
harmed,2,K1874
harmful,2,K1875
harms,2,K1876
harpy,2,K1877
harridan,2,K1878
harried,2,K1879
harrow,2,K1880
harsh,2,K1881
harshly,2,K1882
hasseling,2,K1883
hassle,2,K1884
hassled,2,K1885
hassles,2,K1886
haste,2,K1887
hastily,2,K1888
hasty,2,K1889
hate,2,K1890
hated,2,K1891
hateful,2,K1892
hatefully,2,K1893
hatefulness,2,K1894
hater,2,K1895
haters,2,K1896
hates,2,K1897
hating,2,K1898
hatred,2,K1899
haughtily,2,K1900
haughty,2,K1901
haunt,2,K1902
haunting,2,K1903
having_a_fit,2,K1904
havoc,2,K1905
hawkish,2,K1906
haywire,2,K1907
hazard,2,K1908
hazardous,2,K1909
haze,2,K1910
hazy,2,K1911
head-aches,2,K1912
headache,2,K1913
headaches,2,K1914
heartbreaker,2,K1915
heartbreaking,2,K1916
heartbreakingly,2,K1917
heartless,2,K1918
heathen,2,K1919
heavy-handed,2,K1920
heavyhearted,2,K1921
heck,2,K1922
heckle,2,K1923
heckled,2,K1924
heckles,2,K1925
hectic,2,K1926
hedge,2,K1927
heedless,2,K1928
hefty,2,K1929
hegemonism,2,K1930
hegemonistic,2,K1931
hegemony,2,K1932
heinous,2,K1933
hell,2,K1934
hell-bent,2,K1935
hellion,2,K1936
hells,2,K1937
helpless,2,K1938
helplessly,2,K1939
helplessness,2,K1940
heresy,2,K1941
heretic,2,K1942
heretical,2,K1943
hesitant,2,K1944
hestitant,2,K1945
hideous,2,K1946
hideously,2,K1947
hideousness,2,K1948
high-priced,2,K1949
hiliarious,2,K1950
hinder,2,K1951
hindrance,2,K1952
hiss,2,K1953
hissed,2,K1954
hissing,2,K1955
ho-hum,2,K1956
hoard,2,K1957
hoax,2,K1958
hobble,2,K1959
hogs,2,K1960
Hogwash,2,K1961
hollow,2,K1962
hoodium,2,K1963
hoodwink,2,K1964
hooligan,2,K1965
hopeless,2,K1966
hopelessly,2,K1967
hopelessness,2,K1968
horde,2,K1969
horrendous,2,K1970
horrendously,2,K1971
horrible,2,K1972
horrid,2,K1973
horrific,2,K1974
horrified,2,K1975
horrifies,2,K1976
horrify,2,K1977
horrifying,2,K1978
horrifys,2,K1979
hostage,2,K1980
hostile,2,K1981
hostilities,2,K1982
hostility,2,K1983
hotbeds,2,K1984
hothead,2,K1985
hotheaded,2,K1986
hothouse,2,K1987
hubris,2,K1988
huckster,2,K1989
hum,2,K1990
humid,2,K1991
humiliate,2,K1992
humiliating,2,K1993
humiliation,2,K1994
humming,2,K1995
humpty_dumpty,2,K1996
hung,2,K1997
hurt,2,K1998
hurted,2,K1999
hurtful,2,K2000
hurting,2,K2001
hurts,2,K2002
hustler,2,K2003
hype,2,K2004
hypocricy,2,K2005
hypocrisy,2,K2006
hypocrite,2,K2007
hypocrites,2,K2008
hypocritical,2,K2009
hypocritically,2,K2010
hysteria,2,K2011
hysteric,2,K2012
hysterical,2,K2013
hysterically,2,K2014
hysterics,2,K2015
idiot,2,K2016
idle,2,K2017
ignoble,2,K2018
ignominious,2,K2019
ignominiously,2,K2020
ignominy,2,K2021
ignorance,2,K2022
ignorant,2,K2023
ignore,2,K2024
ill-advised,2,K2025
ill-conceived,2,K2026
ill-defined,2,K2027
ill-designed,2,K2028
ill-fated,2,K2029
ill-favored,2,K2030
ill-formed,2,K2031
ill-mannered,2,K2032
ill-natured,2,K2033
ill-sorted,2,K2034
ill-tempered,2,K2035
ill-treated,2,K2036
ill-treatment,2,K2037
ill-usage,2,K2038
ill-used,2,K2039
illegitimate,2,K2040
illiterate,2,K2041
illness,2,K2042
illogic,2,K2043
illogical,2,K2044
illogically,2,K2045
illogicalness,2,K2046
illusion,2,K2047
illusions,2,K2048
illusory,2,K2049
imaginary,2,K2050
imbalance,2,K2051
imbecile,2,K2052
imbroglio,2,K2053
immaterial,2,K2054
immature,2,K2055
imminence,2,K2056
imminently,2,K2057
immobilized,2,K2058
immoderate,2,K2059
immoderately,2,K2060
immodest,2,K2061
immoral,2,K2062
immorality,2,K2063
immorally,2,K2064
immortal,2,K2065
immovable,2,K2066
impair,2,K2067
impaired,2,K2068
impasse,2,K2069
impatience,2,K2070
impatient,2,K2071
impatiently,2,K2072
impeach,2,K2073
impedance,2,K2074
impede,2,K2075
impediment,2,K2076
impending,2,K2077
impenitent,2,K2078
imperfect,2,K2079
imperfection,2,K2080
imperfections,2,K2081
imperfectly,2,K2082
imperialist,2,K2083
imperil,2,K2084
imperious,2,K2085
imperiously,2,K2086
impermissible,2,K2087
impersonal,2,K2088
impertinent,2,K2089
impetuous,2,K2090
impetuously,2,K2091
impiety,2,K2092
impinge,2,K2093
impious,2,K2094
implacable,2,K2095
implausible,2,K2096
implausibly,2,K2097
implication,2,K2098
impolite,2,K2099
impolitely,2,K2100
impolitic,2,K2101
importunate,2,K2102
importune,2,K2103
impose,2,K2104
imposers,2,K2105
imposing,2,K2106
imposition,2,K2107
impossible,2,K2108
impossiblity,2,K2109
impossibly,2,K2110
impotent,2,K2111
impoverish,2,K2112
impoverished,2,K2113
impractical,2,K2114
imprecate,2,K2115
imprecise,2,K2116
imprecisely,2,K2117
imprecision,2,K2118
improbability,2,K2119
improbable,2,K2120
improbably,2,K2121
improper,2,K2122
improperly,2,K2123
impropriety,2,K2124
imprudence,2,K2125
imprudent,2,K2126
impudence,2,K2127
impudent,2,K2128
impudently,2,K2129
impugn,2,K2130
impulsive,2,K2131
impulsively,2,K2132
impunity,2,K2133
impure,2,K2134
impurity,2,K2135
inability,2,K2136
inaccurately,2,K2137
inaction,2,K2138
inactive,2,K2139
inadequacy,2,K2140
inadequate,2,K2141
inadequately,2,K2142
inadverent,2,K2143
inadverently,2,K2144
inadvisable,2,K2145
inadvisably,2,K2146
inane,2,K2147
inanely,2,K2148
inappropriate,2,K2149
inappropriately,2,K2150
inapt,2,K2151
inaptitude,2,K2152
inarticulate,2,K2153
inattentive,2,K2154
inaudible,2,K2155
incapable,2,K2156
incapably,2,K2157
incautious,2,K2158
incendiary,2,K2159
incense,2,K2160
incessant,2,K2161
incessantly,2,K2162
incite,3,K2163
incitement,3,K2164
incivility,2,K2165
inclement,2,K2166
incognizant,2,K2167
incoherence,2,K2168
incoherent,2,K2169
incoherently,2,K2170
incommensurate,2,K2171
incomparable,2,K2172
incomparably,2,K2173
incompatability,2,K2174
incompatibility,2,K2175
incompatible,2,K2176
incompetence,2,K2177
incompetent,2,K2178
incompetently,2,K2179
incomplete,2,K2180
incompliant,2,K2181
incomprehensible,2,K2182
incomprehension,2,K2183
inconceivable,2,K2184
inconceivably,2,K2185
incongruous,2,K2186
incongruously,2,K2187
inconsequent,2,K2188
inconsequential,2,K2189
inconsequentially,2,K2190
inconsequently,2,K2191
inconsiderate,2,K2192
inconsiderately,2,K2193
inconsistence,2,K2194
inconsistencies,2,K2195
inconsistency,2,K2196
inconsistent,2,K2197
inconsolable,2,K2198
inconsolably,2,K2199
inconstant,2,K2200
inconvenience,2,K2201
inconveniently,2,K2202
incorrigible,2,K2203
incorrigibly,2,K2204
incredulous,2,K2205
incredulously,2,K2206
inculcate,2,K2207
indecency,2,K2208
indecent,2,K2209
indecently,2,K2210
indecision,2,K2211
indecisive,2,K2212
indecisively,2,K2213
indecorum,2,K2214
indefensible,2,K2215
indelicate,2,K2216
indeterminable,2,K2217
indeterminably,2,K2218
indeterminate,2,K2219
indifference,2,K2220
indifferent,2,K2221
indigent,2,K2222
indignant,2,K2223
indignantly,2,K2224
indignation,2,K2225
indignity,2,K2226
indiscernible,2,K2227
indiscreet,2,K2228
indiscreetly,2,K2229
indiscretion,2,K2230
indiscriminate,2,K2231
indiscriminately,2,K2232
indiscriminating,2,K2233
indistinguishable,2,K2234
indoctrinate,2,K2235
indoctrinated,2,K2236
indoctrination,2,K2237
indolent,2,K2238
indulge,2,K2239
ineffective,2,K2240
ineffectively,2,K2241
ineffectiveness,2,K2242
ineffectual,2,K2243
ineffectually,2,K2244
ineffectualness,2,K2245
inefficacious,2,K2246
inefficacy,2,K2247
inefficiency,2,K2248
inefficient,2,K2249
inefficiently,2,K2250
inelegance,2,K2251
inelegant,2,K2252
ineligible,2,K2253
ineloquent,2,K2254
ineloquently,2,K2255
inept,2,K2256
ineptitude,2,K2257
ineptly,2,K2258
inequalities,2,K2259
inequality,2,K2260
inequitable,2,K2261
inequitably,2,K2262
inequities,2,K2263
inescapable,2,K2264
inescapably,2,K2265
inessential,2,K2266
inevitable,2,K2267
inevitably,2,K2268
inexcusable,2,K2269
inexcusably,2,K2270
inexorable,2,K2271
inexorably,2,K2272
inexperience,2,K2273
inexperienced,2,K2274
inexpert,2,K2275
inexpertly,2,K2276
inexpiable,2,K2277
inexplainable,2,K2278
inextricable,2,K2279
inextricably,2,K2280
infamous,2,K2281
infamously,2,K2282
infamy,2,K2283
infant,2,K2284
infected,2,K2285
infection,2,K2286
infections,2,K2287
inferior,2,K2288
inferiority,2,K2289
infernal,2,K2290
infest,2,K2291
infested,2,K2292
infidel,2,K2293
infidels,2,K2294
infiltrator,2,K2295
infiltrators,2,K2296
infirm,2,K2297
inflame,2,K2298
inflammation,2,K2299
inflammatory,2,K2300
inflammed,2,K2301
inflated,2,K2302
inflationary,2,K2303
inflexible,2,K2304
inflict,2,K2305
infraction,2,K2306
infringe,2,K2307
infringement,2,K2308
infringements,2,K2309
infuriate,2,K2310
infuriated,2,K2311
infuriating,2,K2312
infuriatingly,2,K2313
inglorious,2,K2314
ingrate,2,K2315
ingratitude,2,K2316
inhibit,2,K2317
inhibition,2,K2318
inhospitable,2,K2319
inhospitality,2,K2320
inimical,2,K2321
inimically,2,K2322
iniquitous,2,K2323
iniquity,2,K2324
injudicious,2,K2325
injustice,2,K2326
injustices,2,K2327
innuendo,2,K2328
inoperable,2,K2329
inopportune,2,K2330
inordinate,2,K2331
inordinately,2,K2332
insane,2,K2333
insanely,2,K2334
insanity,2,K2335
insatiable,2,K2336
insecure,2,K2337
insecurity,2,K2338
insensible,2,K2339
insensitive,2,K2340
insensitively,2,K2341
insensitivity,2,K2342
insidious,2,K2343
insidiously,2,K2344
insignificance,2,K2345
insignificant,2,K2346
insignificantly,2,K2347
insincere,2,K2348
insincerely,2,K2349
insincerity,2,K2350
insinuate,2,K2351
insinuating,2,K2352
insinuation,2,K2353
insociable,2,K2354
insolence,2,K2355
insolent,2,K2356
insolently,2,K2357
insolvent,2,K2358
insouciance,2,K2359
instability,2,K2360
instable,2,K2361
instigate,2,K2362
instigator,2,K2363
instigators,2,K2364
insubordinate,2,K2365
insubstantial,2,K2366
insubstantially,2,K2367
insufferable,2,K2368
insufferably,2,K2369
insufficiency,2,K2370
insufficient,2,K2371
insufficiently,2,K2372
insular,2,K2373
insult,2,K2374
insulted,2,K2375
insulting,2,K2376
insultingly,2,K2377
insults,2,K2378
insupportable,2,K2379
insupportably,2,K2380
insurmountable,2,K2381
insurmountably,2,K2382
insurrection,2,K2383
intefere,2,K2384
inteferes,2,K2385
intense,2,K2386
interfere,2,K2387
interference,2,K2388
interferes,2,K2389
intermittent,2,K2390
interrupt,2,K2391
interruption,2,K2392
interruptions,2,K2393
intimidate,2,K2394
intimidating,2,K2395
intimidatingly,2,K2396
intimidation,2,K2397
intolerable,2,K2398
intolerablely,2,K2399
intolerance,2,K2400
intoxicate,2,K2401
intractable,2,K2402
intransigence,2,K2403
intransigent,2,K2404
intrude,2,K2405
intrusion,2,K2406
intrusive,2,K2407
inundate,2,K2408
inundated,2,K2409
invader,2,K2410
invasive,2,K2411
invective,2,K2412
inveigle,2,K2413
invidious,2,K2414
invidiously,2,K2415
invidiousness,2,K2416
invisible,2,K2417
involuntarily,2,K2418
involuntary,2,K2419
irascible,2,K2420
irate,2,K2421
irately,2,K2422
ire,2,K2423
irk,2,K2424
irked,2,K2425
irking,2,K2426
irks,2,K2427
irksome,2,K2428
irksomely,2,K2429
irksomeness,2,K2430
irksomenesses,2,K2431
ironic,2,K2432
ironical,2,K2433
ironically,2,K2434
ironies,2,K2435
irony,2,K2436
irragularity,2,K2437
irrational,2,K2438
irrationalities,2,K2439
irrationality,2,K2440
irrationally,2,K2441
irrationals,2,K2442
irreconcilable,2,K2443
irrecoverable,2,K2444
irrecoverableness,2,K2445
irrecoverablenesses,2,K2446
irrecoverably,2,K2447
irredeemable,2,K2448
irredeemably,2,K2449
irreformable,2,K2450
irregular,2,K2451
irregularity,2,K2452
irrelevance,2,K2453
irrelevant,2,K2454
irreparable,2,K2455
irreplacible,2,K2456
irrepressible,2,K2457
irresolute,2,K2458
irresolvable,2,K2459
irresponsible,2,K2460
irresponsibly,2,K2461
irretating,2,K2462
irretrievable,2,K2463
irreversible,2,K2464
irritable,2,K2465
irritably,2,K2466
irritant,2,K2467
irritate,2,K2468
irritated,2,K2469
irritating,2,K2470
irritation,2,K2471
irritations,2,K2472
isolate,2,K2473
isolated,2,K2474
isolation,2,K2475
issue,2,K2476
issues,2,K2477
itch,2,K2478
itching,2,K2479
itchy,2,K2480
jabber,2,K2481
jaded,2,K2482
jagged,2,K2483
jam,2,K2484
jarring,2,K2485
jaundiced,2,K2486
jealous,2,K2487
jealously,2,K2488
jealousness,2,K2489
jealousy,2,K2490
jeer,2,K2491
jeering,2,K2492
jeeringly,2,K2493
jeers,2,K2494
jerk,2,K2495
jerky,2,K2496
jitter,2,K2497
jitters,2,K2498
jittery,2,K2499
job-killing,2,K2500
jobless,2,K2501
joke,2,K2502
joker,2,K2503
jolt,2,K2504
judder,2,K2505
juddering,2,K2506
judders,2,K2507
jumpy,2,K2508
junk,2,K2509
junky,2,K2510
junkyard,2,K2511
jutter,2,K2512
jutters,2,K2513
kaput,2,K2514
killjoy,2,K2515
knave,2,K2516
kook,2,K2517
kooky,2,K2518
lack,2,K2519
lackadaisical,2,K2520
lacked,2,K2521
lackey,2,K2522
lackeys,2,K2523
lacking,2,K2524
lackluster,2,K2525
lacks,2,K2526
laconic,2,K2527
lag,2,K2528
lagged,2,K2529
lagging,2,K2530
laggy,2,K2531
lags,2,K2532
laid-off,2,K2533
lambast,2,K2534
lambaste,2,K2535
lame,2,K2536
lame-duck,2,K2537
lament,2,K2538
lamentable,2,K2539
lamentably,2,K2540
languid,2,K2541
languish,2,K2542
languor,2,K2543
languorous,2,K2544
languorously,2,K2545
lanky,2,K2546
lapse,2,K2547
lapsed,2,K2548
lapses,2,K2549
lascivious,2,K2550
last-ditch,2,K2551
latency,2,K2552
laughable,2,K2553
laughably,2,K2554
laughingstock,2,K2555
lawbreaker,2,K2556
lawbreaking,2,K2557
lawless,2,K2558
lawlessness,2,K2559
layoff,2,K2560
layoff-happy,2,K2561
lazy,2,K2562
leak,2,K2563
leakage,2,K2564
leakages,2,K2565
leaking,2,K2566
leaks,2,K2567
leaky,2,K2568
lech,2,K2569
lecher,2,K2570
lecherous,2,K2571
lechery,2,K2572
leer,2,K2573
leery,2,K2574
lengthy,2,K2575
less-developed,2,K2576
lesser-known,2,K2577
letch,2,K2578
lethargic,2,K2579
lethargy,2,K2580
lewd,2,K2581
lewdly,2,K2582
lewdness,2,K2583
liability,2,K2584
liable,2,K2585
liar,2,K2586
liars,2,K2587
licentious,2,K2588
licentiously,2,K2589
licentiousness,2,K2590
lie,2,K2591
lied,2,K2592
lier,2,K2593
lifeless,2,K2594
limit,2,K2595
limitation,2,K2596
limitations,2,K2597
limited,2,K2598
limits,2,K2599
limp,2,K2600
listless,2,K2601
litigious,2,K2602
little-known,2,K2603
livid,2,K2604
lividly,2,K2605
loath,2,K2606
loathe,2,K2607
loathing,2,K2608
loathly,2,K2609
loathsome,2,K2610
loathsomely,2,K2611
lone,2,K2612
loneliness,2,K2613
lonely,2,K2614
loner,2,K2615
lonesome,2,K2616
long-time,2,K2617
long-winded,2,K2618
longing,2,K2619
longingly,2,K2620
loophole,2,K2621
loopholes,2,K2622
loose,2,K2623
loot,2,K2624
lorn,2,K2625
lose,2,K2626
loser,2,K2627
losers,2,K2628
loses,2,K2629
losing,2,K2630
loss,2,K2631
losses,2,K2632
lost,2,K2633
loud,2,K2634
louder,2,K2635
lousy,2,K2636
loveless,2,K2637
lovelorn,2,K2638
low-rated,2,K2639
Lowlife,2,K2640
lowlifes,2,K2641
lowly,2,K2642
ludicrous,2,K2643
ludicrously,2,K2644
lugubrious,2,K2645
lukewarm,2,K2646
lull,2,K2647
lumpy,2,K2648
lunatic,2,K2649
lunaticism,2,K2650
lunatics,2,K2651
lurch,2,K2652
lure,2,K2653
lurid,2,K2654
lurk,2,K2655
lurking,2,K2656
lying,2,K2657
macabre,2,K2658
mad,2,K2659
madden,2,K2660
maddening,2,K2661
maddeningly,2,K2662
madder,2,K2663
madly,2,K2664
madman,2,K2665
madness,2,K2666
maladjusted,2,K2667
maladjustment,2,K2668
malady,2,K2669
malaise,2,K2670
malcontent,2,K2671
malcontented,2,K2672
maledict,2,K2673
malevolence,2,K2674
malevolent,2,K2675
malevolently,2,K2676
malice,2,K2677
malicious,2,K2678
maliciously,2,K2679
maliciousness,2,K2680
malign,2,K2681
malignant,2,K2682
malodorous,2,K2683
maltreatment,2,K2684
mangle,2,K2685
mangled,2,K2686
mangles,2,K2687
mangling,2,K2688
mania,2,K2689
maniac,2,K2690
maniacal,2,K2691
manic,2,K2692
manipulate,2,K2693
manipulation,2,K2694
manipulative,2,K2695
manipulators,2,K2696
mar,2,K2697
marginal,2,K2698
marginally,2,K2699
martyrdom,2,K2700
martyrdom-seeking,2,K2701
marxism,2,K2702
marxist,2,K2703
mashed,2,K2704
matte,2,K2705
mawkish,2,K2706
mawkishly,2,K2707
mawkishness,2,K2708
meager,2,K2709
meaningless,2,K2710
meanness,2,K2711
measly,2,K2712
meddle,2,K2713
meddlesome,2,K2714
mediocre,2,K2715
mediocrity,2,K2716
melancholy,2,K2717
melodramatic,2,K2718
melodramatically,2,K2719
meltdown,2,K2720
menace,2,K2721
menacing,2,K2722
menacingly,2,K2723
mendacious,2,K2724
mendacity,2,K2725
menial,2,K2726
merciless,2,K2727
mercilessly,2,K2728
mess,2,K2729
messed,2,K2730
messes,2,K2731
messing,2,K2732
messy,2,K2733
midget,2,K2734
miff,2,K2735
militancy,2,K2736
militant,2,K2737
militants,2,K2738
mindless,2,K2739
mindlessly,2,K2740
mirage,2,K2741
mire,2,K2742
misalign,2,K2743
misaligned,2,K2744
misaligns,2,K2745
misapprehend,2,K2746
misbecome,2,K2747
misbecoming,2,K2748
misbegotten,2,K2749
misbehave,2,K2750
misbehavior,2,K2751
miscalculate,2,K2752
miscalculation,2,K2753
miscellaneous,2,K2754
mischief,2,K2755
mischievous,2,K2756
mischievously,2,K2757
misconception,2,K2758
misconceptions,2,K2759
misdirection,2,K2760
miser,2,K2761
miserable,2,K2762
miserableness,2,K2763
miserably,2,K2764
miseries,2,K2765
miserly,2,K2766
misery,2,K2767
misfit,2,K2768
misfortune,2,K2769
misgiving,2,K2770
misgivings,2,K2771
misguidance,2,K2772
misguide,2,K2773
misguided,2,K2774
mishandle,2,K2775
mishap,2,K2776
misinterpret,2,K2777
misjudge,2,K2778
misjudgment,2,K2779
mislead,2,K2780
misleading,2,K2781
misleadingly,2,K2782
mislike,2,K2783
mismanage,2,K2784
mispronounce,2,K2785
mispronounced,2,K2786
mispronounces,2,K2787
misread,2,K2788
misreading,2,K2789
misrepresent,2,K2790
misrepresentation,2,K2791
miss,2,K2792
missed,2,K2793
misses,2,K2794
misstatement,2,K2795
mist,2,K2796
mistake,2,K2797
mistaken,2,K2798
mistakenly,2,K2799
mistakes,2,K2800
mistified,2,K2801
mistress,2,K2802
mistrust,2,K2803
mistrustful,2,K2804
mistrustfully,2,K2805
mists,2,K2806
misunderstand,2,K2807
misunderstanding,2,K2808
misunderstandings,2,K2809
misunderstood,2,K2810
misuse,2,K2811
moan,2,K2812
mobster,2,K2813
mock,2,K2814
mocked,2,K2815
mockeries,2,K2816
mockery,2,K2817
mocking,2,K2818
mockingly,2,K2819
mocks,2,K2820
molest,2,K2821
molestation,2,K2822
monotonous,2,K2823
monotony,2,K2824
monster,2,K2825
monstrosities,2,K2826
monstrosity,2,K2827
monstrous,2,K2828
monstrously,2,K2829
moody,2,K2830
moot,2,K2831
mope,2,K2832
morbid,2,K2833
morbidly,2,K2834
mordant,2,K2835
mordantly,2,K2836
moribund,2,K2837
moron,2,K2838
moronic,2,K2839
morons,2,K2840
mortification,2,K2841
mortified,2,K2842
mortify,2,K2843
mortifying,2,K2844
motionless,2,K2845
motley,2,K2846
mourn,2,K2847
mourner,2,K2848
mournful,2,K2849
mournfully,2,K2850
muddle,2,K2851
muddy,2,K2852
mudslinger,2,K2853
mudslinging,2,K2854
mulish,2,K2855
multi-polarization,2,K2856
mundane,2,K2857
murky,2,K2858
muscle-flexing,2,K2859
mushy,2,K2860
musty,2,K2861
mysterious,2,K2862
mysteriously,2,K2863
mystery,2,K2864
mystify,2,K2865
myth,2,K2866
Myth,2,K2867
nag,2,K2868
nagging,2,K2869
naive,2,K2870
naively,2,K2871
narrower,2,K2872
nastily,2,K2873
nastiness,2,K2874
nasty,2,K2875
naughty,2,K2876
nauseate,2,K2877
nauseates,2,K2878
nauseating,2,K2879
nauseatingly,2,K2880
nave,2,K2881
nebulous,2,K2882
nebulously,2,K2883
needless,2,K2884
needlessly,2,K2885
needy,2,K2886
nefarious,2,K2887
nefariously,2,K2888
negate,2,K2889
negation,2,K2890
negative,2,K2891
negatives,2,K2892
negativity,2,K2893
neglect,2,K2894
neglected,2,K2895
negligence,2,K2896
negligent,2,K2897
nemesis,2,K2898
nepotism,2,K2899
nervous,2,K2900
nervously,2,K2901
nervousness,2,K2902
nettle,2,K2903
nettlesome,2,K2904
neurotic,2,K2905
neurotically,2,K2906
niggle,2,K2907
niggles,2,K2908
nightmare,2,K2909
nightmarish,2,K2910
nightmarishly,2,K2911
nitpick,2,K2912
nitpicking,2,K2913
noise,2,K2914
noises,2,K2915
noisier,2,K2916
noisy,2,K2917
non-confidence,2,K2918
nonexistent,2,K2919
nonresponsive,2,K2920
nonsense,2,K2921
nosey,2,K2922
not_honest,2,K2923
not_logical,2,K2924
not_protecting,2,K2925
not_tolerant,2,K2926
notoriety,2,K2927
notorious,2,K2928
notoriously,2,K2929
noxious,2,K2930
nuisance,2,K2931
numb,2,K2932
nuts,2,K2933
obese,2,K2934
object,2,K2935
objection,2,K2936
objectionable,2,K2937
objections,2,K2938
oblique,2,K2939
obliterate,2,K2940
obliterated,2,K2941
oblivious,2,K2942
obnoxious,2,K2943
obnoxiously,2,K2944
obscene,2,K2945
obscenely,2,K2946
obscenity,2,K2947
obscure,2,K2948
obscured,2,K2949
obscures,2,K2950
obscurity,2,K2951
obsess,2,K2952
obsessive,2,K2953
obsessively,2,K2954
obsessiveness,2,K2955
obsolete,2,K2956
obstacle,2,K2957
obstinate,2,K2958
obstinately,2,K2959
obstruct,2,K2960
obstructed,2,K2961
obstructing,2,K2962
obstruction,2,K2963
obstructs,2,K2964
obtrusive,2,K2965
obtuse,2,K2966
occlude,2,K2967
occluded,2,K2968
occludes,2,K2969
occluding,2,K2970
odd,2,K2971
odder,2,K2972
oddest,2,K2973
oddities,2,K2974
oddity,2,K2975
oddly,2,K2976
odor,2,K2977
offence,2,K2978
offend,2,K2979
offender,2,K2980
offending,2,K2981
offenses,2,K2982
offensive,2,K2983
offensively,2,K2984
offensiveness,2,K2985
officious,2,K2986
ominous,2,K2987
ominously,2,K2988
omission,2,K2989
omit,2,K2990
one-sided,2,K2991
onerous,2,K2992
onerously,2,K2993
onslaught,2,K2994
opinionated,2,K2995
opponent,2,K2996
opportunistic,2,K2997
oppose,2,K2998
opposition,2,K2999
oppositions,2,K3000
ordeal,2,K3001
orphan,2,K3002
ostracize,2,K3003
outbreak,2,K3004
outburst,2,K3005
outbursts,2,K3006
outcast,2,K3007
outcry,2,K3008
outlier,2,K3009
outmoded,2,K3010
outrage,2,K3011
outraged,2,K3012
outrageous,2,K3013
outrageously,2,K3014
outrageousness,2,K3015
outrages,2,K3016
outsider,2,K3017
over-acted,2,K3018
over-awe,2,K3019
over-balanced,2,K3020
over-hyped,2,K3021
over-priced,2,K3022
over-valuation,2,K3023
overact,2,K3024
overacted,2,K3025
overawe,2,K3026
overbalance,2,K3027
overbalanced,2,K3028
overbearing,2,K3029
overbearingly,2,K3030
overblown,2,K3031
overdo,2,K3032
overdone,2,K3033
overdue,2,K3034
overemphasize,2,K3035
overheat,2,K3036
overkill,2,K3037
overloaded,2,K3038
overlook,2,K3039
overpaid,2,K3040
overpayed,2,K3041
overplay,2,K3042
overpower,2,K3043
overpriced,2,K3044
overrated,2,K3045
overreach,2,K3046
overrun,2,K3047
overshadow,2,K3048
oversight,2,K3049
oversights,2,K3050
oversimplification,2,K3051
oversimplified,2,K3052
oversimplify,2,K3053
oversize,2,K3054
overstate,2,K3055
overstated,2,K3056
overstatement,2,K3057
overstatements,2,K3058
overstates,2,K3059
overtaxed,2,K3060
overthrow,2,K3061
overthrows,2,K3062
overturn,2,K3063
overweight,2,K3064
overwhelm,2,K3065
overwhelmed,2,K3066
overwhelming,2,K3067
overwhelmingly,2,K3068
overwhelms,2,K3069
overzealous,2,K3070
overzealously,2,K3071
overzelous,2,K3072
pain,2,K3073
painful,2,K3074
painfull,2,K3075
painfully,2,K3076
pains,2,K3077
pale,2,K3078
pales,2,K3079
paltry,2,K3080
pan,2,K3081
pandemonium,2,K3082
pander,2,K3083
pandering,2,K3084
panders,2,K3085
panic,2,K3086
panick,2,K3087
panicked,2,K3088
panicking,2,K3089
panicky,2,K3090
paradoxical,2,K3091
paradoxically,2,K3092
paralize,2,K3093
paralyzed,2,K3094
paranoia,2,K3095
paranoid,2,K3096
parasite,2,K3097
pariah,2,K3098
parody,2,K3099
partiality,2,K3100
partisan,2,K3101
partisans,2,K3102
passe,2,K3103
passive,2,K3104
passiveness,2,K3105
pathetic,2,K3106
pathetically,2,K3107
patronize,2,K3108
paucity,2,K3109
pauper,2,K3110
paupers,2,K3111
payback,2,K3112
peculiar,2,K3113
peculiarly,2,K3114
pedantic,2,K3115
peeled,2,K3116
peeve,2,K3117
peeved,2,K3118
peevish,2,K3119
peevishly,2,K3120
penalize,2,K3121
penalty,2,K3122
perfidious,2,K3123
perfidity,2,K3124
perfunctory,2,K3125
peril,2,K3126
perilous,2,K3127
perilously,2,K3128
perish,2,K3129
pernicious,2,K3130
perplex,2,K3131
perplexed,2,K3132
perplexing,2,K3133
perplexity,2,K3134
persecute,2,K3135
persecution,2,K3136
pertinacious,2,K3137
pertinaciously,2,K3138
pertinacity,2,K3139
perturb,2,K3140
perturbed,2,K3141
pervasive,2,K3142
pessimism,2,K3143
pessimist,2,K3144
pessimistic,2,K3145
pessimistically,2,K3146
pest,2,K3147
pestilent,2,K3148
petrified,2,K3149
petrify,2,K3150
pettifog,2,K3151
petty,2,K3152
phobia,2,K3153
phobic,2,K3154
phony,2,K3155
picket,2,K3156
picketed,2,K3157
picketing,2,K3158
pickets,2,K3159
picky,2,K3160
pig,2,K3161
pigs,2,K3162
pillage,2,K3163
pillory,2,K3164
pimple,2,K3165
pinch,2,K3166
pique,2,K3167
pitiable,2,K3168
pitiful,2,K3169
pitifully,2,K3170
pitiless,2,K3171
pitilessly,2,K3172
pittance,2,K3173
pity,2,K3174
plagiarize,2,K3175
plague,2,K3176
plasticky,2,K3177
plaything,2,K3178
plea,2,K3179
pleas,2,K3180
plebeian,2,K3181
plight,2,K3182
plot,2,K3183
plotters,2,K3184
ploy,2,K3185
plunder,2,K3186
plunderer,2,K3187
pointless,2,K3188
pointlessly,2,K3189
poison,2,K3190
poisonous,2,K3191
poisonously,2,K3192
pokey,2,K3193
poky,2,K3194
polarisation,2,K3195
polemize,2,K3196
pollute,2,K3197
polluter,2,K3198
polluters,2,K3199
polution,2,K3200
pompous,2,K3201
poor,2,K3202
poorer,2,K3203
poorest,2,K3204
poorly,2,K3205
posturing,2,K3206
pout,2,K3207
poverty,2,K3208
powerless,2,K3209
prate,2,K3210
pratfall,2,K3211
prattle,2,K3212
precarious,2,K3213
precariously,2,K3214
precipitate,2,K3215
precipitous,2,K3216
predatory,2,K3217
predicament,2,K3218
prejudge,2,K3219
prejudice,2,K3220
prejudices,2,K3221
prejudicial,2,K3222
premeditated,2,K3223
preoccupy,2,K3224
preposterous,2,K3225
preposterously,2,K3226
presumptuous,2,K3227
presumptuously,2,K3228
pretence,2,K3229
pretend,2,K3230
pretense,2,K3231
pretentious,2,K3232
pretentiously,2,K3233
prevaricate,2,K3234
pricey,2,K3235
pricier,2,K3236
prick,2,K3237
prickle,2,K3238
prickles,2,K3239
prideful,2,K3240
prik,2,K3241
primitive,2,K3242
prison,2,K3243
prisoner,2,K3244
problem,2,K3245
problematic,2,K3246
problems,2,K3247
procrastinate,2,K3248
procrastinates,2,K3249
procrastination,2,K3250
profane,2,K3251
profanity,2,K3252
prohibit,2,K3253
prohibitive,2,K3254
prohibitively,2,K3255
propaganda,2,K3256
propagandize,2,K3257
proprietary,2,K3258
prosecute,2,K3259
protest,2,K3260
protested,2,K3261
protesting,2,K3262
protests,2,K3263
protracted,2,K3264
provocation,2,K3265
provocative,2,K3266
provoke,2,K3267
pry,2,K3268
psychopath,2,K3269
pugnacious,2,K3270
pugnaciously,2,K3271
pugnacity,2,K3272
pukes,2,K3273
punch,2,K3274
punish,2,K3275
punishable,2,K3276
punitive,2,K3277
punk,2,K3278
puny,2,K3279
puppet,2,K3280
puppets,2,K3281
puzzled,2,K3282
puzzlement,2,K3283
puzzling,2,K3284
quack,2,K3285
qualm,2,K3286
qualms,2,K3287
quandary,2,K3288
quarrel,2,K3289
quarrellous,2,K3290
quarrellously,2,K3291
quarrels,2,K3292
quarrelsome,2,K3293
quash,2,K3294
queer,2,K3295
questionable,2,K3296
quibble,2,K3297
quibbles,2,K3298
quitter,2,K3299
rabid,2,K3300
racism,2,K3301
racist,2,K3302
racists,2,K3303
racy,2,K3304
radical,2,K3305
radicalism,2,K3306
radicalization,2,K3307
radically,2,K3308
radicals,2,K3309
rage,2,K3310
ragged,2,K3311
raging,2,K3312
rail,2,K3313
raked,2,K3314
rampage,2,K3315
rampant,2,K3316
ramshackle,2,K3317
rancor,2,K3318
randomly,2,K3319
rankle,2,K3320
rant,2,K3321
ranted,2,K3322
ranting,2,K3323
rantingly,2,K3324
rants,2,K3325
rascal,2,K3326
rascals,2,K3327
rash,2,K3328
rattle,2,K3329
rattled,2,K3330
rattles,2,K3331
ravage,2,K3332
raving,2,K3333
reactionary,2,K3334
rebellious,2,K3335
rebuff,2,K3336
rebuke,2,K3337
recalcitrant,2,K3338
recant,2,K3339
recession,2,K3340
recessionary,2,K3341
reckless,2,K3342
recklessly,2,K3343
recklessness,2,K3344
recoil,2,K3345
recourses,2,K3346
redundancy,2,K3347
redundant,2,K3348
refusal,2,K3349
refuse,2,K3350
refused,2,K3351
refuses,2,K3352
refusing,2,K3353
refutation,2,K3354
refute,2,K3355
refuted,2,K3356
refutes,2,K3357
refuting,2,K3358
regress,2,K3359
regression,2,K3360
regressive,2,K3361
regressives,2,K3362
regret,2,K3363
regreted,2,K3364
regretful,2,K3365
regretfully,2,K3366
regrets,2,K3367
regrettable,2,K3368
regrettably,2,K3369
regretted,2,K3370
reject,2,K3371
rejected,2,K3372
rejecting,2,K3373
rejection,2,K3374
rejects,2,K3375
relapse,2,K3376
relentless,2,K3377
relentlessly,2,K3378
relentlessness,2,K3379
reluctance,2,K3380
reluctant,2,K3381
reluctantly,2,K3382
remorse,2,K3383
remorseful,2,K3384
remorsefully,2,K3385
remorseless,2,K3386
remorselessly,2,K3387
remorselessness,2,K3388
renounce,2,K3389
renunciation,2,K3390
repel,2,K3391
repetitive,2,K3392
reprehensible,2,K3393
reprehensibly,2,K3394
reprehension,2,K3395
reprehensive,2,K3396
repress,2,K3397
repression,2,K3398
repressive,2,K3399
reprimand,2,K3400
reproach,2,K3401
reproachful,2,K3402
reprove,2,K3403
reprovingly,2,K3404
repudiate,2,K3405
repudiation,2,K3406
repugn,2,K3407
repugnance,2,K3408
repugnant,2,K3409
repugnantly,2,K3410
repulse,2,K3411
repulsed,2,K3412
repulsing,2,K3413
repulsive,2,K3414
repulsively,2,K3415
repulsiveness,2,K3416
resent,2,K3417
resentful,2,K3418
resentment,2,K3419
resignation,2,K3420
resigned,2,K3421
resistance,2,K3422
restless,2,K3423
restlessness,2,K3424
restrict,2,K3425
restricted,2,K3426
restriction,2,K3427
restrictive,2,K3428
resurgent,2,K3429
retaliate,2,K3430
retaliatory,2,K3431
retard,2,K3432
retarded,2,K3433
retardedness,2,K3434
retards,2,K3435
reticent,2,K3436
retract,2,K3437
retreat,2,K3438
retreated,2,K3439
revenge,2,K3440
revengeful,2,K3441
revengefully,2,K3442
revert,2,K3443
revile,2,K3444
reviled,2,K3445
revoke,2,K3446
revolt,2,K3447
revolting,2,K3448
revoltingly,2,K3449
revulsion,2,K3450
revulsive,2,K3451
rhapsodize,2,K3452
rhetoric,2,K3453
rhetorical,2,K3454
ricer,2,K3455
ridicule,2,K3456
ridicules,2,K3457
ridiculous,2,K3458
ridiculously,2,K3459
rife,2,K3460
rift,2,K3461
rifts,2,K3462
rigid,2,K3463
rigidity,2,K3464
rigidness,2,K3465
rile,2,K3466
riled,2,K3467
rip,2,K3468
rip-off,2,K3469
ripoff,2,K3470
ripped,2,K3471
risk,2,K3472
risks,2,K3473
risky,2,K3474
rival,2,K3475
rivalry,2,K3476
roadblocks,2,K3477
rocky,2,K3478
rogue,2,K3479
rollercoaster,2,K3480
rot,2,K3481
rotten,2,K3482
rough,2,K3483
rremediable,2,K3484
rubbish,2,K3485
rude,2,K3486
rue,2,K3487
ruffian,2,K3488
ruffle,2,K3489
ruin,2,K3490
ruined,2,K3491
ruining,2,K3492
ruinous,2,K3493
ruins,2,K3494
rumbling,2,K3495
rumor,2,K3496
rumors,2,K3497
rumours,2,K3498
rumple,2,K3499
run-down,2,K3500
runaway,2,K3501
rupture,2,K3502
rust,2,K3503
rusts,2,K3504
rusty,2,K3505
rut,2,K3506
ruthless,2,K3507
ruthlessly,2,K3508
ruthlessness,2,K3509
ruts,2,K3510
sabotage,2,K3511
sack,2,K3512
sacrificed,2,K3513
sad,2,K3514
sadden,2,K3515
sadly,2,K3516
sadness,2,K3517
sag,2,K3518
sagged,2,K3519
sagging,2,K3520
saggy,2,K3521
sags,2,K3522
salacious,2,K3523
sanctimonious,2,K3524
sap,2,K3525
sarcasm,2,K3526
sarcastic,2,K3527
sarcastically,2,K3528
sardonic,2,K3529
sardonically,2,K3530
sass,2,K3531
satirical,2,K3532
satirize,2,K3533
savage,2,K3534
savaged,2,K3535
savagery,2,K3536
savages,2,K3537
say_anything_they_want,2,K3538
scaly,2,K3539
scam,2,K3540
scams,2,K3541
scandal,2,K3542
scandalize,2,K3543
scandalized,2,K3544
scandalous,2,K3545
scandalously,2,K3546
scandals,2,K3547
scandel,2,K3548
scandels,2,K3549
scant,2,K3550
scapegoat,2,K3551
scar,2,K3552
scarce,2,K3553
scarcely,2,K3554
scarcity,2,K3555
scare,2,K3556
scared,2,K3557
scarier,2,K3558
scariest,2,K3559
scarily,2,K3560
scarred,2,K3561
scars,2,K3562
scary,2,K3563
scathing,2,K3564
scathingly,2,K3565
sceptical,2,K3566
scoff,2,K3567
scoffingly,2,K3568
scold,2,K3569
scolded,2,K3570
scolding,2,K3571
scoldingly,2,K3572
scorching,2,K3573
scorchingly,2,K3574
scorn,2,K3575
scornful,2,K3576
scornfully,2,K3577
scoundrel,2,K3578
scourge,2,K3579
scowl,2,K3580
scramble,2,K3581
scrambled,2,K3582
scrambles,2,K3583
scrambling,2,K3584
scrap,2,K3585
scratch,2,K3586
scratched,2,K3587
scratches,2,K3588
scratchy,2,K3589
scream,2,K3590
screech,2,K3591
screw-up,2,K3592
screwed,2,K3593
screwed-up,2,K3594
screwy,2,K3595
scuff,2,K3596
scuffs,2,K3597
scum,2,K3598
scum_of_the_earth,2,K3599
scummy,2,K3600
second-class,2,K3601
second-tier,2,K3602
secretive,2,K3603
sedentary,2,K3604
seedy,2,K3605
seethe,2,K3606
seething,2,K3607
self-coup,2,K3608
self-criticism,2,K3609
self-defeating,2,K3610
self-destructive,2,K3611
self-humiliation,2,K3612
self-interest,2,K3613
self-interested,2,K3614
self-serving,2,K3615
selfinterested,2,K3616
selfish,2,K3617
selfishly,2,K3618
selfishness,2,K3619
semi-retarded,2,K3620
senile,2,K3621
sensationalize,2,K3622
senseless,2,K3623
senselessly,2,K3624
sensitive,2,K3625
seriousness,2,K3626
sermonize,2,K3627
servitude,2,K3628
set-up,2,K3629
setback,2,K3630
setbacks,2,K3631
sever,2,K3632
severe,2,K3633
severity,2,K3634
sh*t,2,K3635
shabby,2,K3636
shadowy,2,K3637
shady,2,K3638
shake,2,K3639
shaky,2,K3640
shallow,2,K3641
sham,2,K3642
shambles,2,K3643
shame,2,K3644
shameful,2,K3645
shamefully,2,K3646
shamefulness,2,K3647
shameless,2,K3648
shamelessly,2,K3649
shamelessness,2,K3650
shark,2,K3651
sharply,2,K3652
shatter,2,K3653
shemale,2,K3654
shimmer,2,K3655
shimmy,2,K3656
shipwreck,2,K3657
shirk,2,K3658
shirker,2,K3659
shit,2,K3660
shiver,2,K3661
shock,2,K3662
shocked,2,K3663
shocking,2,K3664
shockingly,2,K3665
shoddy,2,K3666
short-lived,2,K3667
shortage,2,K3668
shortchange,2,K3669
shortcoming,2,K3670
shortcomings,2,K3671
shortness,2,K3672
shortsighted,2,K3673
shortsightedness,2,K3674
showdown,2,K3675
shrew,2,K3676
shriek,2,K3677
shrill,2,K3678
shrilly,2,K3679
shrivel,2,K3680
shroud,2,K3681
shrouded,2,K3682
shrug,2,K3683
shun,2,K3684
shunned,2,K3685
sick,2,K3686
sicken,2,K3687
sickening,2,K3688
sickeningly,2,K3689
sickly,2,K3690
sickness,2,K3691
sidetrack,2,K3692
sidetracked,2,K3693
siege,2,K3694
sillily,2,K3695
silly,2,K3696
simplistic,2,K3697
simplistically,2,K3698
sin,2,K3699
sinful,2,K3700
sinfully,2,K3701
sinister,2,K3702
sinisterly,2,K3703
sink,2,K3704
sinking,2,K3705
skeptic,2,K3706
skeptical,2,K3707
skeptically,2,K3708
skepticism,2,K3709
sketchy,2,K3710
skewed,2,K3711
skimpy,2,K3712
skinny,2,K3713
skirt,2,K3714
skittish,2,K3715
skittishly,2,K3716
skulk,2,K3717
slack,2,K3718
slander,2,K3719
slanderer,2,K3720
slanderous,2,K3721
slanderously,2,K3722
slanders,2,K3723
slap,2,K3724
slashing,2,K3725
slaughter,2,K3726
slaughtered,2,K3727
slave,2,K3728
slaves,2,K3729
sleazy,2,K3730
slime,2,K3731
slog,2,K3732
slogged,2,K3733
slogging,2,K3734
slogs,2,K3735
sloooooooooooooow,2,K3736
sloooow,2,K3737
slooow,2,K3738
sloow,2,K3739
sloppily,2,K3740
sloppy,2,K3741
slow,2,K3742
slow-moving,2,K3743
slowed,2,K3744
slower,2,K3745
slowest,2,K3746
slowly,2,K3747
sloww,2,K3748
slowww,2,K3749
slowwww,2,K3750
slug,2,K3751
sluggish,2,K3752
slump,2,K3753
slumping,2,K3754
slumpping,2,K3755
slur,2,K3756
slut,2,K3757
sluts,2,K3758
sly,2,K3759
smack,2,K3760
smallish,2,K3761
smash,2,K3762
smear,2,K3763
smell,2,K3764
smelled,2,K3765
smelling,2,K3766
smells,2,K3767
smelly,2,K3768
smelt,2,K3769
smoke,2,K3770
smokescreen,2,K3771
smolder,2,K3772
smoldering,2,K3773
smother,2,K3774
smoulder,2,K3775
smouldering,2,K3776
smudge,2,K3777
smudged,2,K3778
smudges,2,K3779
smudging,2,K3780
smug,2,K3781
smugly,2,K3782
smut,2,K3783
smuttier,2,K3784
smuttiest,2,K3785
smutty,2,K3786
snag,2,K3787
snagged,2,K3788
snagging,2,K3789
snags,2,K3790
snappish,2,K3791
snappishly,2,K3792
snare,2,K3793
snarky,2,K3794
snarl,2,K3795
sneak,2,K3796
sneakily,2,K3797
sneaky,2,K3798
sneer,2,K3799
sneering,2,K3800
sneeringly,2,K3801
snob,2,K3802
snobbish,2,K3803
snobby,2,K3804
snobish,2,K3805
snobs,2,K3806
snub,2,K3807
so-cal,2,K3808
soapy,2,K3809
sob,2,K3810
sober,2,K3811
sobering,2,K3812
solemn,2,K3813
solicitude,2,K3814
somber,2,K3815
sore,2,K3816
sorely,2,K3817
soreness,2,K3818
sorrow,2,K3819
sorrowful,2,K3820
sorrowfully,2,K3821
sorry,2,K3822
sour,2,K3823
sourly,2,K3824
spade,2,K3825
spank,2,K3826
spendy,2,K3827
spew,2,K3828
spewed,2,K3829
spewing,2,K3830
spews,2,K3831
spilling,2,K3832
spin,2,K3833
spinster,2,K3834
spiritless,2,K3835
spite,2,K3836
spiteful,2,K3837
spitefully,2,K3838
spitefulness,2,K3839
splatter,2,K3840
split,2,K3841
splitting,2,K3842
spoil,2,K3843
spoilage,2,K3844
spoilages,2,K3845
spoiled,2,K3846
spoilled,2,K3847
spoils,2,K3848
spook,2,K3849
spookier,2,K3850
spookiest,2,K3851
spookily,2,K3852
spooky,2,K3853
spoon-fed,2,K3854
spoon-feed,2,K3855
spoonfed,2,K3856
sporadic,2,K3857
spotty,2,K3858
spurious,2,K3859
spurn,2,K3860
sputter,2,K3861
squabble,2,K3862
squabbling,2,K3863
squander,2,K3864
squash,2,K3865
squeak,2,K3866
squeaks,2,K3867
squeaky,2,K3868
squeal,2,K3869
squealing,2,K3870
squeals,2,K3871
squirm,2,K3872
stab,2,K3873
stagnant,2,K3874
stagnate,2,K3875
stagnation,2,K3876
staid,2,K3877
stain,2,K3878
stains,2,K3879
stale,2,K3880
stalemate,2,K3881
stall,2,K3882
stalls,2,K3883
stammer,2,K3884
stampede,2,K3885
standstill,2,K3886
stark,2,K3887
starkly,2,K3888
startle,2,K3889
startling,2,K3890
startlingly,2,K3891
starvation,2,K3892
starve,2,K3893
static,2,K3894
Statism,2,K3895
Statist,2,K3896
steal,2,K3897
stealing,2,K3898
steals,2,K3899
steep,2,K3900
steeply,2,K3901
stench,2,K3902
stereotype,2,K3903
stereotypical,2,K3904
stereotypically,2,K3905
stern,2,K3906
stew,2,K3907
sticky,2,K3908
stiff,2,K3909
stiffness,2,K3910
stifle,2,K3911
stifling,2,K3912
stiflingly,2,K3913
stigma,2,K3914
stigmatize,2,K3915
sting,2,K3916
stinging,2,K3917
stingingly,2,K3918
stingy,2,K3919
stink,2,K3920
stinks,2,K3921
stodgy,2,K3922
stole,2,K3923
stolen,2,K3924
stooge,2,K3925
stooges,2,K3926
stormy,2,K3927
straggle,2,K3928
straggler,2,K3929
strain,2,K3930
strained,2,K3931
straining,2,K3932
strange,2,K3933
strangely,2,K3934
stranger,2,K3935
strangest,2,K3936
strangle,2,K3937
streaky,2,K3938
strenuous,2,K3939
stress,2,K3940
stresses,2,K3941
stressful,2,K3942
stressfully,2,K3943
stricken,2,K3944
strict,2,K3945
strictly,2,K3946
strident,2,K3947
stridently,2,K3948
strife,2,K3949
strike,2,K3950
stringent,2,K3951
stringently,2,K3952
struck,2,K3953
struggle,2,K3954
struggled,2,K3955
struggles,2,K3956
struggling,2,K3957
strut,2,K3958
stubborn,2,K3959
stubbornly,2,K3960
stubbornness,2,K3961
stuck,2,K3962
stuffy,2,K3963
stumble,2,K3964
stumbled,2,K3965
stumbles,2,K3966
stump,2,K3967
stumped,2,K3968
stumps,2,K3969
stun,2,K3970
stunt,2,K3971
stunted,2,K3972
stupid,2,K3973
Stupid,2,K3974
stupidest,2,K3975
stupidity,2,K3976
stupidly,2,K3977
stupidness,2,K3978
stupified,2,K3979
stupify,2,K3980
stupor,2,K3981
stutter,2,K3982
stuttered,2,K3983
stuttering,2,K3984
stutters,2,K3985
sty,2,K3986
stymied,2,K3987
sub-par,2,K3988
subdued,2,K3989
subjected,2,K3990
subjection,2,K3991
subjugate,2,K3992
subjugation,2,K3993
submissive,2,K3994
subordinate,2,K3995
subpoena,2,K3996
subpoenas,2,K3997
subservience,2,K3998
subservient,2,K3999
substandard,2,K4000
subtract,2,K4001
subversion,2,K4002
subversive,2,K4003
subversively,2,K4004
subvert,2,K4005
succumb,2,K4006
suck,2,K4007
sucked,2,K4008
sucker,2,K4009
sucks,2,K4010
sucky,2,K4011
sue,2,K4012
sued,2,K4013
sueing,2,K4014
sues,2,K4015
suffer,2,K4016
suffered,2,K4017
sufferer,2,K4018
sufferers,2,K4019
suffering,2,K4020
suffers,2,K4021
suffocate,2,K4022
sugar-coat,2,K4023
sugar-coated,2,K4024
sugarcoated,2,K4025
suicidal,2,K4026
suicide,2,K4027
sulk,2,K4028
sullen,2,K4029
sully,2,K4030
sunder,2,K4031
sunk,2,K4032
sunken,2,K4033
superficial,2,K4034
superficiality,2,K4035
superficially,2,K4036
superfluous,2,K4037
superstition,2,K4038
superstitious,2,K4039
surrender,2,K4040
Surrender,2,K4041
susceptible,2,K4042
suspect,2,K4043
suspicion,2,K4044
suspicions,2,K4045
suspicious,2,K4046
suspiciously,2,K4047
swagger,2,K4048
swamped,2,K4049
sweaty,2,K4050
swelled,2,K4051
swelling,2,K4052
swindle,2,K4053
swipe,2,K4054
swollen,2,K4055
sycophant,2,K4056
sycophants,2,K4057
symptom,2,K4058
symptoms,2,K4059
syndrome,2,K4060
taboo,2,K4061
tacky,2,K4062
taint,2,K4063
tainted,2,K4064
tamper,2,K4065
tangle,2,K4066
tangled,2,K4067
tangles,2,K4068
tank,2,K4069
tanked,2,K4070
tanks,2,K4071
tantrum,2,K4072
tardy,2,K4073
tarnish,2,K4074
tarnished,2,K4075
tarnishes,2,K4076
tarnishing,2,K4077
tattered,2,K4078
taunt,2,K4079
taunting,2,K4080
tauntingly,2,K4081
taunts,2,K4082
taut,2,K4083
tawdry,2,K4084
taxing,2,K4085
tease,2,K4086
teasingly,2,K4087
tedious,2,K4088
tediously,2,K4089
temerity,2,K4090
temper,2,K4091
tempest,2,K4092
temptation,2,K4093
tenderness,2,K4094
tense,2,K4095
tension,2,K4096
tentative,2,K4097
tentatively,2,K4098
tenuous,2,K4099
tenuously,2,K4100
tepid,2,K4101
terrible,2,K4102
terribleness,2,K4103
terribly,2,K4104
terror,2,K4105
terror-genic,2,K4106
testily,2,K4107
testy,2,K4108
tetchily,2,K4109
tetchy,2,K4110
thankless,2,K4111
thicker,2,K4112
thirst,2,K4113
thorny,2,K4114
thoughtless,2,K4115
thoughtlessly,2,K4116
thoughtlessness,2,K4117
thrash,2,K4118
threesome,2,K4119
throb,2,K4120
throbbed,2,K4121
throbbing,2,K4122
throbs,2,K4123
throttle,2,K4124
thug,2,K4125
thumb-down,2,K4126
thumbs-down,2,K4127
thwart,2,K4128
tiger_mom,2,K4129
time-consuming,2,K4130
timid,2,K4131
timidity,2,K4132
timidly,2,K4133
timidness,2,K4134
tin-y,2,K4135
tingled,2,K4136
tingling,2,K4137
tired,2,K4138
tiresome,2,K4139
tiring,2,K4140
tiringly,2,K4141
toadies,2,K4142
toddler,2,K4143
toil,2,K4144
tolerant,2,K4145
tolerate,2,K4146
toll,2,K4147
top-heavy,2,K4148
topple,2,K4149
torment,2,K4150
tormented,2,K4151
torrent,2,K4152
tortuous,2,K4153
torture,2,K4154
tortured,2,K4155
tortures,2,K4156
torturing,2,K4157
torturous,2,K4158
torturously,2,K4159
totalitarian,2,K4160
touchy,2,K4161
toughness,2,K4162
tout,2,K4163
touted,2,K4164
touts,2,K4165
toxic,2,K4166
traduce,2,K4167
tragedy,2,K4168
tragic,2,K4169
tragically,2,K4170
traitor,2,K4171
traitorous,2,K4172
traitorously,2,K4173
traitors,2,K4174
tramp,2,K4175
trample,2,K4176
transgress,2,K4177
transgression,2,K4178
trap,2,K4179
traped,2,K4180
trapped,2,K4181
trashed,2,K4182
trashing,2,K4183
trashy,2,K4184
trauma,2,K4185
traumatic,2,K4186
traumatically,2,K4187
traumatize,2,K4188
traumatized,2,K4189
travesties,2,K4190
travesty,2,K4191
treacherous,2,K4192
treacherously,2,K4193
treachery,2,K4194
treason,2,K4195
treasonous,2,K4196
trick,2,K4197
tricked,2,K4198
trickery,2,K4199
tricky,2,K4200
trivial,2,K4201
trivialize,2,K4202
trouble,2,K4203
troubled,2,K4204
troublemaker,2,K4205
troubles,2,K4206
troublesome,2,K4207
troublesomely,2,K4208
troubling,2,K4209
troublingly,2,K4210
truant,2,K4211
tumble,2,K4212
tumbled,2,K4213
tumbles,2,K4214
tumultuous,2,K4215
turbulent,2,K4216
turmoil,2,K4217
twist,2,K4218
twisted,2,K4219
twists,2,K4220
ugh,2,K4221
uglier,2,K4222
ugliest,2,K4223
ugliness,2,K4224
ugly,2,K4225
ulterior,2,K4226
ultimatum,2,K4227
ultimatums,2,K4228
ultra-hardline,2,K4229
un-viewable,2,K4230
unable,2,K4231
unacceptable,2,K4232
unacceptablely,2,K4233
unacceptably,2,K4234
unaccessible,2,K4235
unaccustomed,2,K4236
unachievable,2,K4237
unaffordable,2,K4238
unappealing,2,K4239
unattractive,2,K4240
unauthentic,2,K4241
unavailable,2,K4242
unavoidably,2,K4243
unbearable,2,K4244
unbearablely,2,K4245
unbelievable,2,K4246
unbelievably,2,K4247
uncaring,2,K4248
uncertain,2,K4249
uncivil,2,K4250
uncivilized,2,K4251
unclean,2,K4252
unclear,2,K4253
uncollectible,2,K4254
uncomfortable,2,K4255
uncomfortably,2,K4256
uncomfy,2,K4257
uncompetitive,2,K4258
uncompromising,2,K4259
uncompromisingly,2,K4260
unconfirmed,2,K4261
unconstitutional,2,K4262
uncontrolled,2,K4263
unconvincing,2,K4264
unconvincingly,2,K4265
uncooperative,2,K4266
uncouth,2,K4267
uncreative,2,K4268
undecided,2,K4269
undefined,2,K4270
undependability,2,K4271
undependable,2,K4272
undercut,2,K4273
undercuts,2,K4274
undercutting,2,K4275
underdog,2,K4276
underestimate,2,K4277
underlings,2,K4278
undermine,2,K4279
undermined,2,K4280
undermines,2,K4281
undermining,2,K4282
underpaid,2,K4283
underpowered,2,K4284
undersized,2,K4285
undesirable,2,K4286
undetermined,2,K4287
undid,2,K4288
undignified,2,K4289
undissolved,2,K4290
undocumented,2,K4291
undone,2,K4292
undue,2,K4293
unease,2,K4294
uneasily,2,K4295
uneasiness,2,K4296
uneasy,2,K4297
uneconomical,2,K4298
unemployed,2,K4299
unequal,2,K4300
unethical,2,K4301
uneven,2,K4302
uneventful,2,K4303
unexpected,2,K4304
unexpectedly,2,K4305
unexplained,2,K4306
unfair,2,K4307
unfairly,2,K4308
unfaithful,2,K4309
unfaithfully,2,K4310
unfamiliar,2,K4311
unfavorable,2,K4312
unfeeling,2,K4313
unfinished,2,K4314
unfit,2,K4315
unforeseen,2,K4316
unforgiving,2,K4317
unfortunate,2,K4318
unfortunately,2,K4319
unfounded,2,K4320
unfriendly,2,K4321
unfulfilled,2,K4322
unfunded,2,K4323
unglued,2,K4324
ungovernable,2,K4325
ungrateful,2,K4326
unhappily,2,K4327
unhappiness,2,K4328
unhappy,2,K4329
unhealthy,2,K4330
unhelpful,2,K4331
unhinged,2,K4332
unilateralism,2,K4333
unimaginable,2,K4334
unimaginably,2,K4335
unimportant,2,K4336
uninformed,2,K4337
uninsured,2,K4338
unintelligible,2,K4339
unintelligile,2,K4340
unipolar,2,K4341
unjust,2,K4342
unjustifiable,2,K4343
unjustifiably,2,K4344
unjustified,2,K4345
unjustly,2,K4346
unkind,2,K4347
unkindly,2,K4348
unknown,2,K4349
unlamentable,2,K4350
unlamentably,2,K4351
unleash,2,K4352
unlicensed,2,K4353
unlikely,2,K4354
unlucky,2,K4355
unmoved,2,K4356
unnatural,2,K4357
unnaturally,2,K4358
unnecessary,2,K4359
unneeded,2,K4360
unnerve,2,K4361
unnerved,2,K4362
unnerving,2,K4363
unnervingly,2,K4364
unnoticed,2,K4365
unobserved,2,K4366
unorthodox,2,K4367
unorthodoxy,2,K4368
unpleasant,2,K4369
unpleasantries,2,K4370
unpopular,2,K4371
unpredictable,2,K4372
unprepared,2,K4373
unproductive,2,K4374
unprofitable,2,K4375
unprove,2,K4376
unproved,2,K4377
unproven,2,K4378
unproves,2,K4379
unproving,2,K4380
unqualified,2,K4381
unravel,2,K4382
unraveled,2,K4383
unreachable,2,K4384
unreadable,2,K4385
unrealistic,2,K4386
unreasonable,2,K4387
unreasonably,2,K4388
unrelenting,2,K4389
unrelentingly,2,K4390
unreliability,2,K4391
unreliable,2,K4392
unresolved,2,K4393
unresponsive,2,K4394
unrest,2,K4395
unrivaled,2,K4396
unruly,2,K4397
unsafe,2,K4398
unsatisfactory,2,K4399
unsavory,2,K4400
unscrupulous,2,K4401
unscrupulously,2,K4402
unsecure,2,K4403
unseemly,2,K4404
unsettle,2,K4405
unsettled,2,K4406
unsettling,2,K4407
unsettlingly,2,K4408
unskilled,2,K4409
unsophisticated,2,K4410
unsound,2,K4411
unspeakable,2,K4412
unspeakablely,2,K4413
unspecified,2,K4414
unstable,2,K4415
unsteadily,2,K4416
unsteadiness,2,K4417
unsteady,2,K4418
unsuccessful,2,K4419
unsuccessfully,2,K4420
unsupported,2,K4421
unsupportive,2,K4422
unsure,2,K4423
unsuspecting,2,K4424
unsustainable,2,K4425
untenable,2,K4426
untested,2,K4427
unthinkable,2,K4428
unthinkably,2,K4429
untimely,2,K4430
untouched,2,K4431
untrustworthy,2,K4432
untruthful,2,K4433
unusable,2,K4434
unusably,2,K4435
unuseable,2,K4436
unuseably,2,K4437
unusual,2,K4438
unusually,2,K4439
unviewable,2,K4440
unwanted,2,K4441
unwarranted,2,K4442
unwatchable,2,K4443
unwelcome,2,K4444
unwell,2,K4445
unwieldy,2,K4446
unwilling,2,K4447
unwillingly,2,K4448
unwillingness,2,K4449
unworkable,2,K4450
unworthy,2,K4451
unyielding,2,K4452
upbraid,2,K4453
upheaval,2,K4454
uprising,2,K4455
uproar,2,K4456
uproarious,2,K4457
uproariously,2,K4458
uproarous,2,K4459
uproarously,2,K4460
uproot,2,K4461
upset,2,K4462
upseting,2,K4463
upsets,2,K4464
upsetting,2,K4465
upsettingly,2,K4466
urgent,2,K4467
useless,2,K4468
usurp,2,K4469
usurper,2,K4470
utterly,2,K4471
vagrant,2,K4472
vague,2,K4473
vagueness,2,K4474
vain,2,K4475
vainly,2,K4476
vanity,2,K4477
vehement,2,K4478
vehemently,2,K4479
vengeance,2,K4480
vengeful,2,K4481
vengefully,2,K4482
vengefulness,2,K4483
venom,2,K4484
venomous,2,K4485
venomously,2,K4486
vent,2,K4487
vermin,2,K4488
vestiges,2,K4489
vex,2,K4490
vexation,2,K4491
vexing,2,K4492
vexingly,2,K4493
vibrate,2,K4494
vibrated,2,K4495
vibrates,2,K4496
vibrating,2,K4497
vibration,2,K4498
vice,2,K4499
vicious,2,K4500
viciously,2,K4501
viciousness,2,K4502
victimize,2,K4503
vile,2,K4504
vileness,2,K4505
villify,2,K4506
vindictive,2,K4507
vindictively,2,K4508
vindictiveness,2,K4509
virtue,2,K4510
virulence,2,K4511
virulent,2,K4512
virulently,2,K4513
vociferous,2,K4514
vociferously,2,K4515
vomit,2,K4516
vomited,2,K4517
vomiting,2,K4518
vomits,2,K4519
vulgar,2,K4520
vulnerable,2,K4521
wail,2,K4522
wallow,2,K4523
wane,2,K4524
waning,2,K4525
wanton,2,K4526
warily,2,K4527
wariness,2,K4528
warned,2,K4529
warning,2,K4530
wary,2,K4531
washed-out,2,K4532
waste,2,K4533
wasted,2,K4534
wasteful,2,K4535
wastefulness,2,K4536
wasting,2,K4537
water-down,2,K4538
watered-down,2,K4539
wayward,2,K4540
weak,2,K4541
weaken,2,K4542
weakening,2,K4543
weaker,2,K4544
weakness,2,K4545
weaknesses,2,K4546
weariness,2,K4547
wearisome,2,K4548
weary,2,K4549
wedge,2,K4550
weep,2,K4551
weird,2,K4552
weirdly,2,K4553
weirdness,2,K4554
wheedle,2,K4555
whimper,2,K4556
whine,2,K4557
whining,2,K4558
whiny,2,K4559
whips,2,K4560
whore,2,K4561
whores,2,K4562
wiles,2,K4563
wilt,2,K4564
wily,2,K4565
wimpy,2,K4566
wince,2,K4567
witch_hunt,2,K4568
wobble,2,K4569
wobbled,2,K4570
wobbles,2,K4571
woe,2,K4572
woebegone,2,K4573
woeful,2,K4574
woefully,2,K4575
womanizer,2,K4576
womanizing,2,K4577
worn,2,K4578
worried,2,K4579
worriedly,2,K4580
worrier,2,K4581
worries,2,K4582
worrisome,2,K4583
worry,2,K4584
worrying,2,K4585
worryingly,2,K4586
worse,2,K4587
worsen,2,K4588
worsening,2,K4589
worst,2,K4590
worthless,2,K4591
worthlessly,2,K4592
worthlessness,2,K4593
wrangle,2,K4594
wrath,2,K4595
wreak,2,K4596
wreaked,2,K4597
wreaks,2,K4598
wrest,2,K4599
wrestle,2,K4600
wretch,2,K4601
wretched,2,K4602
wretchedly,2,K4603
wretchedness,2,K4604
wrinkle,2,K4605
wrinkled,2,K4606
wrinkles,2,K4607
wrip,2,K4608
wripped,2,K4609
wripping,2,K4610
writhe,2,K4611
yawn,2,K4612
Young_skulls_full_of_mush,2,K4613
zap,2,K4614
zapped,2,K4615
zaps,2,K4616
zealot,2,K4617
zealous,2,K4618
zealously,2,K4619
abort,3,K4620
aborted,3,K4621
aborts,3,K4622
abuse,3,K4623
abused,3,K4624
abuses,3,K4625
abusive,3,K4626
accost,3,K4627
assault,3,K4628
assult,3,K4629
blackmail,3,K4630
bleed,3,K4631
bleeding,3,K4632
bleeds,3,K4633
bloody,3,K4634
brutal,3,K4635
brutalising,3,K4636
brutalities,3,K4637
brutality,3,K4638
brutalize,3,K4639
brutalizing,3,K4640
brutally,3,K4641
cheat,3,K4642
cheated,3,K4643
cheater,3,K4644
cheating,3,K4645
cheats,3,K4646
corrupt,3,K4647
corrupted,3,K4648
corrupting,3,K4649
corruption,3,K4650
corrupts,3,K4651
corruptted,3,K4652
crime,3,K4653
criminal,3,K4654
crook,3,K4655
crooked,3,K4656
crooks,3,K4657
culpable,3,K4658
culprit,3,K4659
cult,3,K4660
cuplrit,3,K4661
degenerate,3,K4662
degenerately,3,K4663
Deviant,3,K4664
deviate,3,K4665
disobedience,3,K4666
disobedient,3,K4667
disobey,3,K4668
disoobedient,3,K4669
domineer,3,K4670
domineering,3,K4671
exploit,3,K4672
exploitation,3,K4673
extort,3,K4674
extortion,3,K4675
extremism,3,K4676
extremist,3,K4677
extremists,3,K4678
forged,3,K4679
guilt,3,K4680
guiltily,3,K4681
guilty,3,K4682
hedonistic,3,K4683
illegal,3,K4684
illegally,3,K4685
illicit,3,K4686
implicate,3,K4687
implode,3,K4688
imprison,3,K4689
imprisonment,3,K4690
inhuman,3,K4691
inhumane,3,K4692
inhumanity,3,K4693
miscreant,3,K4694
miscreants,3,K4695
oppress,3,K4696
oppression,3,K4697
oppressive,3,K4698
oppressively,3,K4699
oppressiveness,3,K4700
oppressors,3,K4701
outlaw,3,K4702
pedophile,3,K4703
pedophilia,3,K4704
perverse,3,K4705
perversely,3,K4706
perversion,3,K4707
perversity,3,K4708
pervert,3,K4709
perverted,3,K4710
perverts,3,K4711
porn,3,K4712
porno,3,K4713
pornographic,3,K4714
rape,3,K4715
raped,3,K4716
raping,3,K4717
rapist,3,K4718
suppress,3,K4719
suppression,3,K4720
unlawful,3,K4721
unlawfully,3,K4722
unlawfulness,3,K4723
violate,3,K4724
violation,3,K4725
violator,3,K4726
violators,3,K4727
666,4,K4728
2-faced,4,K4729
2-faces,4,K4730
alien,4,K4731
aliens,4,K4732
authoritarian,4,K4733
authoritarianism,4,K4734
autocrat,4,K4735
autocratic,4,K4736
bearish,4,K4737
beastly,4,K4738
bestial,4,K4739
big_cheese,4,K4740
bitch,4,K4741
bitchy,4,K4742
bug,4,K4743
buggy,4,K4744
bugs,4,K4745
cannibal,4,K4746
cannibalize,4,K4747
caricature,4,K4748
cartoonish,4,K4749
communism,4,K4750
Communist,4,K4751
cruel,4,K4752
crueler,4,K4753
cruelest,4,K4754
cruelly,4,K4755
cruelness,4,K4756
cruelties,4,K4757
cruelty,4,K4758
cunt,4,K4759
cunts,4,K4760
damage,4,K4761
damaged,4,K4762
damages,4,K4763
damaging,4,K4764
dehumanization,4,K4765
dehumanize,4,K4766
demagogue,4,K4767
demagogues,4,K4768
demented,4,K4769
demon,4,K4770
demonic,4,K4771
demonize,4,K4772
demonized,4,K4773
demonizes,4,K4774
demonizing,4,K4775
devil,4,K4776
devil_worshipers,4,K4777
devilish,4,K4778
devilishly,4,K4779
devilment,4,K4780
devilry,4,K4781
diabolic,4,K4782
diabolical,4,K4783
diabolically,4,K4784
dick,4,K4785
dictator,4,K4786
dictatorial,4,K4787
Dog,4,K4788
enemies,4,K4789
enemy,4,K4790
evil,4,K4791
evildoer,4,K4792
evils,4,K4793
fascism,4,K4794
fascist,4,K4795
Fascist,4,K4796
fat-cat,4,K4797
fat-cats,4,K4798
fatcat,4,K4799
fatcats,4,K4800
jellyfish,4,K4801
lap_Dog,4,K4802
leech,4,K4803
lemon,4,K4804
orangutan,4,K4805
Rat,4,K4806
rats,4,K4807
Rottweiler,4,K4808
skeletons,4,K4809
sloth,4,K4810
slothful,4,K4811
trash,4,K4812
two-faced,4,K4813
two-faces,4,K4814
tyrannical,4,K4815
tyrannically,4,K4816
tyranny,4,K4817
tyrant,4,K4818
tyrany,4,K4819
vilify,4,K4820
villainous,4,K4821
villainously,4,K4822
villains,4,K4823
villian,4,K4824
villianous,4,K4825
villianously,4,K4826
viper,4,K4827
virus,4,K4828
weed,4,K4829
wicked,4,K4830
wickedly,4,K4831
wickedness,4,K4832
wild,4,K4833
wildly,4,K4834
worm,4,K4835
worms,4,K4836
zombie,4,K4837
zombies,4,K4838
ambush,5,K4839
amputate,5,K4840
annihilate,5,K4841
annihilation,5,K4842
apocalypse,5,K4843
apocalyptic,5,K4844
assail,5,K4845
assassin,5,K4846
assassinate,5,K4847
attack,5,K4848
attacking,5,K4849
attacks,5,K4850
bomb,5,K4851
carnage,5,K4852
casualty,5,K4853
cataclysm,5,K4854
cataclysmal,5,K4855
cataclysmic,5,K4856
cataclysmically,5,K4857
catastrophe,5,K4858
catastrophes,5,K4859
catastrophic,5,K4860
catastrophically,5,K4861
catastrophies,5,K4862
choke,5,K4863
combative,5,K4864
conflict,5,K4865
conflicted,5,K4866
conflicting,5,K4867
conflicts,5,K4868
damage,5,K4869
damaging,5,K4870
danger,5,K4871
dangerous,5,K4872
dangerousness,5,K4873
deadly,5,K4874
death,5,K4875
debilitate,5,K4876
debilitating,5,K4877
debility,5,K4878
demolish,5,K4879
demolisher,5,K4880
destroy,5,K4881
Destroy,5,K4882
destroyer,5,K4883
Destroying,5,K4884
destruction,5,K4885
destructive,5,K4886
Destructive,5,K4887
disaster,5,K4888
disasterous,5,K4889
disastrous,5,K4890
disastrously,5,K4891
doomsday,5,K4892
eliminate,5,K4893
eliminated,5,K4894
endanger,5,K4895
enslave,5,K4896
eviscerate,5,K4897
explode,5,K4898
explosive,5,K4899
expunge,5,K4900
exterminate,5,K4901
extermination,5,K4902
extinguish,5,K4903
genocide,5,K4904
injure,5,K4905
injurious,5,K4906
injury,5,K4907
jeopardize,5,K4908
jeopardy,5,K4909
kill,5,K4910
killed,5,K4911
killer,5,K4912
Killer,5,K4913
killing,5,K4914
kills,5,K4915
knife,5,K4916
knock,5,K4917
knotted,5,K4918
lethal,5,K4919
life-threatening,5,K4920
massacre,5,K4921
massacres,5,K4922
murder,5,K4923
murderer,5,K4924
murderous,5,K4925
murderously,5,K4926
terrorism,5,K4927
terrorist,5,K4928
terrorize,5,K4929
threat,5,K4930
threaten,5,K4931
threatening,5,K4932
threats,5,K4933
violently,5,K4934
volatile,5,K4935
volatility,5,K4936
wack,5,K4937
war,5,K4938
war-like,5,K4939
warlike,5,K4940
wound,5,K4941
wounds,5,K4942
wreck,5,K4943